-- MySQL dump 10.13  Distrib 5.5.27, for osx10.8 (i386)
--
-- Host: localhost    Database: Snapshot_development
-- ------------------------------------------------------
-- Server version	5.5.27
/*!40103 SET @OLD_TIME_ZONE=@@TIME_ZONE */;
/*!40103 SET TIME_ZONE='+00:00' */;
/*!40014 SET @OLD_UNIQUE_CHECKS=@@UNIQUE_CHECKS, UNIQUE_CHECKS=0 */;
/*!40014 SET @OLD_FOREIGN_KEY_CHECKS=@@FOREIGN_KEY_CHECKS, FOREIGN_KEY_CHECKS=0 */;
/*!40101 SET @OLD_SQL_MODE=@@SQL_MODE, SQL_MODE='NO_AUTO_VALUE_ON_ZERO,MSSQL' */;
/*!40111 SET @OLD_SQL_NOTES=@@SQL_NOTES, SQL_NOTES=0 */;

--
-- Table structure for table "audits"
--

DROP TABLE IF EXISTS "audits";
/*!40101 SET @saved_cs_client     = @@character_set_client */;
/*!40101 SET character_set_client = utf8 */;
CREATE TABLE "audits" (
  "id" int(11) NOT NULL,
  "store_id" int(11) DEFAULT NULL,
  "environment_type_id" int(11) DEFAULT NULL,
  "channel_id" int(11) DEFAULT NULL,
  "retailer_id" int(11) DEFAULT NULL,
  "user_id" int(11) DEFAULT NULL,
  "created_at" datetime NOT NULL,
  "updated_at" datetime NOT NULL,
  PRIMARY KEY ("id"),
  KEY "index_audits_on_channel_id" ("channel_id"),
  KEY "index_audits_on_environment_type_id" ("environment_type_id"),
  KEY "index_audits_on_retailer_id" ("retailer_id"),
  KEY "index_audits_on_store_id" ("store_id"),
  KEY "index_audits_on_user_id" ("user_id")
);
/*!40101 SET character_set_client = @saved_cs_client */;

--
-- Dumping data for table "audits"
--

LOCK TABLES "audits" WRITE;
/*!40000 ALTER TABLE "audits" DISABLE KEYS */;
INSERT INTO "audits" VALUES (16,6,2,5,43,1,'2012-11-22 12:49:11','2012-11-22 12:50:12'),(18,7,1,5,44,1,'2012-11-22 17:38:05','2012-11-22 17:39:49'),(19,8,3,5,9,1,'2012-11-22 17:53:02','2012-11-22 17:55:54'),(20,9,2,5,19,1,'2012-11-23 00:28:08','2012-11-27 23:18:51'),(21,7,2,5,44,2,'2012-11-27 23:47:54','2012-11-27 23:47:59'),(22,10,4,2,72,2,'2012-11-29 11:18:57','2012-11-29 11:19:03');
/*!40000 ALTER TABLE "audits" ENABLE KEYS */;
UNLOCK TABLES;

--
-- Table structure for table "brand_owners"
--

DROP TABLE IF EXISTS "brand_owners";
/*!40101 SET @saved_cs_client     = @@character_set_client */;
/*!40101 SET character_set_client = utf8 */;
CREATE TABLE "brand_owners" (
  "id" int(11) NOT NULL,
  "name" varchar(255) COLLATE utf8_unicode_ci DEFAULT NULL,
  "description" text COLLATE utf8_unicode_ci,
  "created_at" datetime NOT NULL,
  "updated_at" datetime NOT NULL,
  PRIMARY KEY ("id")
);
/*!40101 SET character_set_client = @saved_cs_client */;

--
-- Dumping data for table "brand_owners"
--

LOCK TABLES "brand_owners" WRITE;
/*!40000 ALTER TABLE "brand_owners" DISABLE KEYS */;
INSERT INTO "brand_owners" VALUES (1,'Aldi Stores','','2012-11-22 13:09:53','2012-11-22 13:09:53'),(2,'Carlsberg Group','','2012-11-22 13:10:18','2012-11-22 13:10:18'),(3,'AG Barr','','2012-11-22 13:11:05','2012-11-22 13:11:05'),(4,'Roosters Piri Piri Ltd','','2012-11-22 13:11:47','2012-11-22 13:11:47'),(5,'Kirkton House','','2012-11-22 13:13:01','2012-11-22 13:13:01'),(6,'Kraft Foods','','2012-11-22 13:13:21','2012-11-22 13:13:21'),(7,'United Biscuits','','2012-11-22 13:13:38','2012-11-22 13:13:38'),(8,'Walmart','','2012-11-22 13:13:48','2012-11-22 13:13:48'),(9,'New York Bagel Co.','','2012-11-22 13:14:03','2012-11-22 13:14:03'),(10,'H.J. Heinz Co','','2012-11-22 13:14:22','2012-11-22 13:14:22'),(11,'Budgens','','2012-11-22 13:14:35','2012-11-22 13:14:35'),(12,'Musgrace Group','','2012-11-22 13:14:49','2012-11-22 13:14:49'),(13,'Muller Dairy','','2012-11-22 13:15:18','2012-11-22 13:15:18'),(14,'P&G','','2012-11-22 13:15:55','2012-11-22 13:15:55'),(15,'Goodlife Foods Limited','','2012-11-22 13:16:11','2012-11-22 13:16:11'),(16,'Britvic','','2012-11-22 13:16:24','2012-11-22 13:16:24'),(17,'Danone Group','','2012-11-22 13:16:40','2012-11-22 13:16:40'),(18,'Lay\'s','','2012-11-22 13:16:57','2012-11-22 13:16:57'),(19,'Debenhams PLC','','2012-11-22 13:17:11','2012-11-22 13:17:11'),(20,'Yves Saint Laurent','','2012-11-22 13:17:22','2012-11-22 13:17:22'),(21,'Jasper Conran','','2012-11-22 13:17:38','2012-11-22 13:17:38'),(22,'Nestle','','2012-11-22 13:17:51','2012-11-22 13:17:51'),(23,'Russell Hobbs Inc','','2012-11-22 13:18:06','2012-11-22 13:18:06'),(24,'Meyer Group','','2012-11-22 13:18:20','2012-11-22 13:18:20'),(25,'Lisa Stickley PLC','','2012-11-22 13:18:35','2012-11-22 13:18:35'),(26,'Burton\'s Biscuit Company','','2012-11-22 13:18:52','2012-11-22 13:18:52'),(27,'Kimberly-Clark','','2012-11-22 13:19:10','2012-11-22 13:19:10'),(28,'Pepsi Co','','2012-11-22 13:19:26','2012-11-22 13:19:26'),(29,'Fonterra Co-operative','','2012-11-22 13:19:41','2012-11-22 13:19:41'),(30,'ICI Paints','','2012-11-22 13:19:55','2012-11-22 13:19:55'),(31,'Harplc','','2012-11-22 13:20:18','2012-11-22 13:20:18'),(32,'Premier Foods','','2012-11-22 13:20:32','2012-11-22 13:20:32'),(33,'Rebellion Developments','','2012-11-22 13:20:48','2012-11-22 13:20:48'),(34,'Northern and Shell Network Ltd','','2012-11-22 13:21:02','2012-11-22 13:21:02'),(35,'The Coca-Cola Company','','2012-11-22 13:21:34','2012-11-22 13:21:34'),(36,'Accolade Wines','','2012-11-22 13:21:49','2012-11-22 13:21:49'),(37,'Tymbark','','2012-11-22 13:22:04','2012-11-22 13:22:04'),(38,'Princes','','2012-11-22 13:22:18','2012-11-22 13:22:18'),(39,'Mars Inc','','2012-11-22 13:22:34','2012-11-22 13:22:34'),(40,'Symington\'s','','2012-11-22 13:22:48','2012-11-22 13:22:48'),(41,'Bachelors','','2012-11-22 13:22:59','2012-11-22 13:22:59'),(42,'Sunrise Bakery','','2012-11-22 13:23:16','2012-11-22 13:23:16'),(43,'Vale Mill (Rochdale) Limited','','2012-11-22 13:23:33','2012-11-22 13:23:33'),(44,'Kellogg Company','','2012-11-22 13:23:54','2012-11-22 13:23:54'),(45,'Rudolf Wild GmbH & Co','','2012-11-22 13:24:10','2012-11-22 13:24:10'),(46,'British Sugar PLC','','2012-11-22 13:24:26','2012-11-22 13:24:26'),(47,'RC Cola','','2012-11-22 13:24:45','2012-11-22 13:24:45'),(48,'Lambrini','','2012-11-22 13:25:00','2012-11-22 13:25:00'),(49,'Treasury Wine Estates','','2012-11-22 13:25:15','2012-11-22 13:25:15'),(50,'Cono Sur Vineyards & Winery','','2012-11-22 13:25:30','2012-11-22 13:25:30'),(51,'Penn State','','2012-11-22 13:25:49','2012-11-22 13:25:49'),(52,'Heineken','','2012-11-22 13:26:02','2012-11-22 13:26:02'),(53,'Fortune Brands','','2012-11-22 13:26:23','2012-11-22 13:26:23'),(54,'Blossom Hill','','2012-11-22 13:26:37','2012-11-22 13:26:37'),(55,'Gaymer Cider Company','','2012-11-22 13:26:57','2012-11-22 13:26:57'),(56,'Pernod Ricard','','2012-11-22 13:27:11','2012-11-22 13:27:11'),(57,'SABMiller','','2012-11-22 13:27:24','2012-11-22 13:27:24'),(58,'Diageo','','2012-11-22 13:27:38','2012-11-22 13:27:38'),(59,'Pernod Ricard','','2012-11-22 13:27:58','2012-11-22 13:27:58'),(60,'San Miguel','','2012-11-22 13:28:12','2012-11-22 13:28:12'),(61,'Steinlager','','2012-11-22 13:28:27','2012-11-22 13:28:27'),(62,'InBev','','2012-11-22 13:29:01','2012-11-22 13:29:01'),(63,'Birds Eye','','2012-11-22 13:29:16','2012-11-22 13:29:16'),(64,'William Jackson Food Group','','2012-11-22 13:29:30','2012-11-22 13:29:30'),(65,'McCain Foods Limited','','2012-11-22 13:29:55','2012-11-22 13:29:55'),(66,'Vimto','','2012-11-22 13:30:05','2012-11-22 13:30:05'),(67,'Kimberly-Clark','','2012-11-22 13:30:16','2012-11-22 13:30:16'),(68,'Marley Ventures Inc','','2012-11-22 13:30:28','2012-11-22 13:30:28'),(69,'Unilever','','2012-11-22 13:30:41','2012-11-22 13:30:41'),(70,'Colgate-Palmolive Company','','2012-11-22 13:30:52','2012-11-22 13:30:52'),(71,'Beiersdorf AG','','2012-11-22 13:31:02','2012-11-22 13:31:02'),(72,'L\'Oreal Group','','2012-11-22 13:31:14','2012-11-22 13:31:14'),(73,'ASDA','','2012-11-22 13:31:25','2012-11-22 13:31:25'),(74,'Johnson & Johnson','','2012-11-22 13:31:34','2012-11-22 13:31:34'),(75,'McCormick and Company','','2012-11-22 13:31:43','2012-11-22 13:31:43'),(76,'News International','','2012-11-22 13:31:54','2012-11-22 13:31:54'),(77,'Lego Group','','2012-11-22 13:32:12','2012-11-22 13:32:12'),(78,'Conair Corporation','','2012-11-22 13:32:33','2012-11-22 13:32:33'),(79,'Vintage Books','','2012-11-22 13:32:38','2012-11-22 13:32:38'),(80,'Eros International Media Ltd','','2012-11-22 13:32:51','2012-11-22 13:32:51'),(81,'The Walt Disney Company','','2012-11-22 13:33:00','2012-11-22 13:33:00'),(82,'Microsoft','','2012-11-22 13:33:10','2012-11-22 13:33:10'),(83,'Activision','','2012-11-22 13:33:21','2012-11-22 13:33:21'),(84,'Home Retail Group','','2012-11-22 13:33:34','2012-11-22 13:33:34'),(85,'Dyson','','2012-11-22 13:33:41','2012-11-22 13:33:41'),(86,'Kingfisher PLC','','2012-11-22 13:33:52','2012-11-22 13:33:52'),(87,'Carrefour','','2012-11-22 13:34:03','2012-11-22 13:34:03'),(88,'Dixons Retail PLC','','2012-11-22 13:34:13','2012-11-22 13:34:13'),(89,'Hipercor','','2012-11-22 13:34:20','2012-11-22 13:34:20'),(90,'Ruffino','','2012-11-22 13:34:30','2012-11-22 13:34:30'),(91,'Schwarz Gruppe','','2012-11-22 13:34:40','2012-11-22 13:34:40'),(92,'Lush','','2012-11-22 13:34:45','2012-11-22 13:34:45'),(93,'M&S','','2012-11-22 13:34:50','2012-11-22 13:34:50'),(94,'McDonald\'s Corporation','','2012-11-22 13:34:58','2012-11-22 13:34:58'),(95,'Casino Group, Groupe Galeries Lafayette','','2012-11-22 13:35:08','2012-11-22 13:35:08'),(96,'Cristiano Ronaldo','','2012-11-22 13:35:20','2012-11-22 13:35:20'),(97,'Paramount Pictures','','2012-11-22 13:35:32','2012-11-22 13:35:32'),(98,'J Sainsbury PLC, Lloyds Banking Group','','2012-11-22 13:35:42','2012-11-22 13:35:42'),(99,'J Sainsbury PLC','','2012-11-22 13:35:51','2012-11-22 13:35:51'),(100,'Staples Inc','','2012-11-22 13:36:02','2012-11-22 13:36:02'),(101,'Colgate-Palmolive Company','','2012-11-22 13:36:11','2012-11-22 13:36:11'),(102,'Tesco','','2012-11-22 13:36:21','2012-11-22 13:36:21'),(103,'Co-operative Group Ltd','','2012-11-22 13:36:32','2012-11-22 13:36:32'),(104,'Toshiba Corporation','','2012-11-22 13:36:44','2012-11-22 13:36:44'),(105,'Arcadia Group','','2012-11-22 13:36:55','2012-11-22 13:36:55'),(106,'John Lewis Partnership','','2012-11-22 13:37:06','2012-11-22 13:37:06'),(107,'JVC Kenwood Holdings','','2012-11-22 13:37:14','2012-11-22 13:37:14'),(108,'Whole Foods Market','','2012-11-22 13:37:23','2012-11-22 13:37:23'),(109,'Kobo Inc','','2012-11-22 13:37:31','2012-11-22 13:37:31'),(110,'Lanvin','','2012-11-22 13:37:38','2012-11-22 13:37:38'),(111,'H & M Hennes & Mauritz AB','','2012-11-22 13:37:48','2012-11-22 13:37:48'),(112,'Thai Union Group','','2012-11-28 11:33:15','2012-11-28 11:33:15'),(113,'Amazon','','2012-11-29 11:19:46','2012-11-29 11:19:46');
/*!40000 ALTER TABLE "brand_owners" ENABLE KEYS */;
UNLOCK TABLES;

--
-- Table structure for table "brandings"
--

DROP TABLE IF EXISTS "brandings";
/*!40101 SET @saved_cs_client     = @@character_set_client */;
/*!40101 SET character_set_client = utf8 */;
CREATE TABLE "brandings" (
  "id" int(11) NOT NULL,
  "photo_id" int(11) DEFAULT NULL,
  "brand_id" int(11) DEFAULT NULL,
  "created_at" datetime NOT NULL,
  "updated_at" datetime NOT NULL,
  PRIMARY KEY ("id")
);
/*!40101 SET character_set_client = @saved_cs_client */;

--
-- Dumping data for table "brandings"
--

LOCK TABLES "brandings" WRITE;
/*!40000 ALTER TABLE "brandings" DISABLE KEYS */;
INSERT INTO "brandings" VALUES (1,29,2,'0000-00-00 00:00:00','0000-00-00 00:00:00'),(2,145,1,'0000-00-00 00:00:00','0000-00-00 00:00:00'),(3,153,1,'0000-00-00 00:00:00','0000-00-00 00:00:00'),(4,164,1,'0000-00-00 00:00:00','0000-00-00 00:00:00'),(5,196,1,'0000-00-00 00:00:00','0000-00-00 00:00:00'),(6,201,1,'0000-00-00 00:00:00','0000-00-00 00:00:00'),(7,204,1,'0000-00-00 00:00:00','0000-00-00 00:00:00'),(8,258,1,'0000-00-00 00:00:00','0000-00-00 00:00:00'),(9,259,1,'0000-00-00 00:00:00','0000-00-00 00:00:00'),(10,272,1,'0000-00-00 00:00:00','0000-00-00 00:00:00'),(11,29,2,'0000-00-00 00:00:00','0000-00-00 00:00:00'),(12,60,2,'0000-00-00 00:00:00','0000-00-00 00:00:00'),(13,30,3,'0000-00-00 00:00:00','0000-00-00 00:00:00'),(14,31,3,'0000-00-00 00:00:00','0000-00-00 00:00:00'),(15,32,4,'0000-00-00 00:00:00','0000-00-00 00:00:00'),(16,35,5,'0000-00-00 00:00:00','0000-00-00 00:00:00'),(17,36,6,'0000-00-00 00:00:00','0000-00-00 00:00:00'),(18,33,7,'0000-00-00 00:00:00','0000-00-00 00:00:00'),(19,38,7,'0000-00-00 00:00:00','0000-00-00 00:00:00'),(20,41,7,'0000-00-00 00:00:00','0000-00-00 00:00:00'),(21,46,7,'0000-00-00 00:00:00','0000-00-00 00:00:00'),(22,47,7,'0000-00-00 00:00:00','0000-00-00 00:00:00'),(23,48,7,'0000-00-00 00:00:00','0000-00-00 00:00:00'),(24,51,7,'0000-00-00 00:00:00','0000-00-00 00:00:00'),(25,52,7,'0000-00-00 00:00:00','0000-00-00 00:00:00'),(26,57,7,'0000-00-00 00:00:00','0000-00-00 00:00:00'),(27,58,7,'0000-00-00 00:00:00','0000-00-00 00:00:00'),(28,59,7,'0000-00-00 00:00:00','0000-00-00 00:00:00'),(29,61,7,'0000-00-00 00:00:00','0000-00-00 00:00:00'),(30,63,7,'0000-00-00 00:00:00','0000-00-00 00:00:00'),(31,156,7,'0000-00-00 00:00:00','0000-00-00 00:00:00'),(32,39,8,'0000-00-00 00:00:00','0000-00-00 00:00:00'),(33,40,9,'0000-00-00 00:00:00','0000-00-00 00:00:00'),(34,152,9,'0000-00-00 00:00:00','0000-00-00 00:00:00'),(35,42,10,'0000-00-00 00:00:00','0000-00-00 00:00:00'),(36,43,11,'0000-00-00 00:00:00','0000-00-00 00:00:00'),(37,44,12,'0000-00-00 00:00:00','0000-00-00 00:00:00'),(38,45,13,'0000-00-00 00:00:00','0000-00-00 00:00:00'),(39,49,14,'0000-00-00 00:00:00','0000-00-00 00:00:00'),(40,50,14,'0000-00-00 00:00:00','0000-00-00 00:00:00'),(41,53,15,'0000-00-00 00:00:00','0000-00-00 00:00:00'),(42,205,15,'0000-00-00 00:00:00','0000-00-00 00:00:00'),(43,206,15,'0000-00-00 00:00:00','0000-00-00 00:00:00'),(44,54,16,'0000-00-00 00:00:00','0000-00-00 00:00:00'),(45,55,17,'0000-00-00 00:00:00','0000-00-00 00:00:00'),(46,56,18,'0000-00-00 00:00:00','0000-00-00 00:00:00'),(47,89,19,'0000-00-00 00:00:00','0000-00-00 00:00:00'),(48,90,19,'0000-00-00 00:00:00','0000-00-00 00:00:00'),(49,133,19,'0000-00-00 00:00:00','0000-00-00 00:00:00'),(50,244,19,'0000-00-00 00:00:00','0000-00-00 00:00:00'),(51,91,20,'0000-00-00 00:00:00','0000-00-00 00:00:00'),(52,92,21,'0000-00-00 00:00:00','0000-00-00 00:00:00'),(53,94,21,'0000-00-00 00:00:00','0000-00-00 00:00:00'),(54,95,21,'0000-00-00 00:00:00','0000-00-00 00:00:00'),(55,96,21,'0000-00-00 00:00:00','0000-00-00 00:00:00'),(56,98,21,'0000-00-00 00:00:00','0000-00-00 00:00:00'),(57,99,21,'0000-00-00 00:00:00','0000-00-00 00:00:00'),(58,110,21,'0000-00-00 00:00:00','0000-00-00 00:00:00'),(59,113,21,'0000-00-00 00:00:00','0000-00-00 00:00:00'),(60,114,21,'0000-00-00 00:00:00','0000-00-00 00:00:00'),(61,115,21,'0000-00-00 00:00:00','0000-00-00 00:00:00'),(62,116,21,'0000-00-00 00:00:00','0000-00-00 00:00:00'),(63,117,21,'0000-00-00 00:00:00','0000-00-00 00:00:00'),(64,120,21,'0000-00-00 00:00:00','0000-00-00 00:00:00'),(65,121,21,'0000-00-00 00:00:00','0000-00-00 00:00:00'),(66,122,21,'0000-00-00 00:00:00','0000-00-00 00:00:00'),(67,123,21,'0000-00-00 00:00:00','0000-00-00 00:00:00'),(68,125,21,'0000-00-00 00:00:00','0000-00-00 00:00:00'),(69,126,21,'0000-00-00 00:00:00','0000-00-00 00:00:00'),(70,127,21,'0000-00-00 00:00:00','0000-00-00 00:00:00'),(71,129,21,'0000-00-00 00:00:00','0000-00-00 00:00:00'),(72,138,21,'0000-00-00 00:00:00','0000-00-00 00:00:00'),(73,143,21,'0000-00-00 00:00:00','0000-00-00 00:00:00'),(74,147,21,'0000-00-00 00:00:00','0000-00-00 00:00:00'),(75,151,21,'0000-00-00 00:00:00','0000-00-00 00:00:00'),(76,163,21,'0000-00-00 00:00:00','0000-00-00 00:00:00'),(77,170,21,'0000-00-00 00:00:00','0000-00-00 00:00:00'),(78,176,21,'0000-00-00 00:00:00','0000-00-00 00:00:00'),(79,180,21,'0000-00-00 00:00:00','0000-00-00 00:00:00'),(80,192,21,'0000-00-00 00:00:00','0000-00-00 00:00:00'),(81,194,21,'0000-00-00 00:00:00','0000-00-00 00:00:00'),(82,195,21,'0000-00-00 00:00:00','0000-00-00 00:00:00'),(83,197,21,'0000-00-00 00:00:00','0000-00-00 00:00:00'),(84,200,21,'0000-00-00 00:00:00','0000-00-00 00:00:00'),(85,208,21,'0000-00-00 00:00:00','0000-00-00 00:00:00'),(86,238,21,'0000-00-00 00:00:00','0000-00-00 00:00:00'),(87,239,21,'0000-00-00 00:00:00','0000-00-00 00:00:00'),(88,242,21,'0000-00-00 00:00:00','0000-00-00 00:00:00'),(89,243,21,'0000-00-00 00:00:00','0000-00-00 00:00:00'),(90,262,21,'0000-00-00 00:00:00','0000-00-00 00:00:00'),(91,273,21,'0000-00-00 00:00:00','0000-00-00 00:00:00'),(92,274,21,'0000-00-00 00:00:00','0000-00-00 00:00:00'),(93,275,21,'0000-00-00 00:00:00','0000-00-00 00:00:00'),(94,277,21,'0000-00-00 00:00:00','0000-00-00 00:00:00'),(95,278,21,'0000-00-00 00:00:00','0000-00-00 00:00:00'),(96,280,21,'0000-00-00 00:00:00','0000-00-00 00:00:00'),(97,282,21,'0000-00-00 00:00:00','0000-00-00 00:00:00'),(98,283,21,'0000-00-00 00:00:00','0000-00-00 00:00:00'),(99,285,21,'0000-00-00 00:00:00','0000-00-00 00:00:00'),(100,93,22,'0000-00-00 00:00:00','0000-00-00 00:00:00'),(101,97,23,'0000-00-00 00:00:00','0000-00-00 00:00:00'),(102,64,24,'0000-00-00 00:00:00','0000-00-00 00:00:00'),(103,65,24,'0000-00-00 00:00:00','0000-00-00 00:00:00'),(104,66,25,'0000-00-00 00:00:00','0000-00-00 00:00:00'),(105,70,25,'0000-00-00 00:00:00','0000-00-00 00:00:00'),(106,81,25,'0000-00-00 00:00:00','0000-00-00 00:00:00'),(107,82,25,'0000-00-00 00:00:00','0000-00-00 00:00:00'),(108,67,26,'0000-00-00 00:00:00','0000-00-00 00:00:00'),(109,68,26,'0000-00-00 00:00:00','0000-00-00 00:00:00'),(110,71,26,'0000-00-00 00:00:00','0000-00-00 00:00:00'),(111,74,26,'0000-00-00 00:00:00','0000-00-00 00:00:00'),(112,77,26,'0000-00-00 00:00:00','0000-00-00 00:00:00'),(113,80,26,'0000-00-00 00:00:00','0000-00-00 00:00:00'),(114,69,27,'0000-00-00 00:00:00','0000-00-00 00:00:00'),(115,132,27,'0000-00-00 00:00:00','0000-00-00 00:00:00'),(116,72,28,'0000-00-00 00:00:00','0000-00-00 00:00:00'),(117,73,29,'0000-00-00 00:00:00','0000-00-00 00:00:00'),(118,75,30,'0000-00-00 00:00:00','0000-00-00 00:00:00'),(119,198,30,'0000-00-00 00:00:00','0000-00-00 00:00:00'),(120,76,31,'0000-00-00 00:00:00','0000-00-00 00:00:00'),(121,78,32,'0000-00-00 00:00:00','0000-00-00 00:00:00'),(122,79,33,'0000-00-00 00:00:00','0000-00-00 00:00:00'),(123,83,34,'0000-00-00 00:00:00','0000-00-00 00:00:00'),(124,84,34,'0000-00-00 00:00:00','0000-00-00 00:00:00'),(125,85,34,'0000-00-00 00:00:00','0000-00-00 00:00:00'),(126,86,34,'0000-00-00 00:00:00','0000-00-00 00:00:00'),(127,100,34,'0000-00-00 00:00:00','0000-00-00 00:00:00'),(128,105,34,'0000-00-00 00:00:00','0000-00-00 00:00:00'),(129,108,34,'0000-00-00 00:00:00','0000-00-00 00:00:00'),(130,109,34,'0000-00-00 00:00:00','0000-00-00 00:00:00'),(131,87,36,'0000-00-00 00:00:00','0000-00-00 00:00:00'),(132,101,37,'0000-00-00 00:00:00','0000-00-00 00:00:00'),(133,107,37,'0000-00-00 00:00:00','0000-00-00 00:00:00'),(134,102,38,'0000-00-00 00:00:00','0000-00-00 00:00:00'),(135,103,39,'0000-00-00 00:00:00','0000-00-00 00:00:00'),(136,104,40,'0000-00-00 00:00:00','0000-00-00 00:00:00'),(137,106,41,'0000-00-00 00:00:00','0000-00-00 00:00:00'),(138,111,42,'0000-00-00 00:00:00','0000-00-00 00:00:00'),(139,112,43,'0000-00-00 00:00:00','0000-00-00 00:00:00'),(140,118,44,'0000-00-00 00:00:00','0000-00-00 00:00:00'),(141,179,44,'0000-00-00 00:00:00','0000-00-00 00:00:00'),(142,183,44,'0000-00-00 00:00:00','0000-00-00 00:00:00'),(143,185,44,'0000-00-00 00:00:00','0000-00-00 00:00:00'),(144,124,45,'0000-00-00 00:00:00','0000-00-00 00:00:00'),(145,165,45,'0000-00-00 00:00:00','0000-00-00 00:00:00'),(146,128,46,'0000-00-00 00:00:00','0000-00-00 00:00:00'),(147,131,47,'0000-00-00 00:00:00','0000-00-00 00:00:00'),(148,130,48,'0000-00-00 00:00:00','0000-00-00 00:00:00'),(149,134,49,'0000-00-00 00:00:00','0000-00-00 00:00:00'),(150,135,50,'0000-00-00 00:00:00','0000-00-00 00:00:00'),(151,136,51,'0000-00-00 00:00:00','0000-00-00 00:00:00'),(152,137,52,'0000-00-00 00:00:00','0000-00-00 00:00:00'),(153,160,52,'0000-00-00 00:00:00','0000-00-00 00:00:00'),(154,139,53,'0000-00-00 00:00:00','0000-00-00 00:00:00'),(155,155,53,'0000-00-00 00:00:00','0000-00-00 00:00:00'),(156,140,54,'0000-00-00 00:00:00','0000-00-00 00:00:00'),(157,141,55,'0000-00-00 00:00:00','0000-00-00 00:00:00'),(158,37,56,'0000-00-00 00:00:00','0000-00-00 00:00:00'),(159,142,56,'0000-00-00 00:00:00','0000-00-00 00:00:00'),(160,256,56,'0000-00-00 00:00:00','0000-00-00 00:00:00'),(161,144,57,'0000-00-00 00:00:00','0000-00-00 00:00:00'),(162,88,58,'0000-00-00 00:00:00','0000-00-00 00:00:00'),(163,119,59,'0000-00-00 00:00:00','0000-00-00 00:00:00'),(164,154,60,'0000-00-00 00:00:00','0000-00-00 00:00:00'),(165,149,61,'0000-00-00 00:00:00','0000-00-00 00:00:00'),(166,146,62,'0000-00-00 00:00:00','0000-00-00 00:00:00'),(167,148,63,'0000-00-00 00:00:00','0000-00-00 00:00:00'),(168,150,64,'0000-00-00 00:00:00','0000-00-00 00:00:00'),(169,253,65,'0000-00-00 00:00:00','0000-00-00 00:00:00'),(170,157,68,'0000-00-00 00:00:00','0000-00-00 00:00:00'),(171,158,69,'0000-00-00 00:00:00','0000-00-00 00:00:00'),(172,159,70,'0000-00-00 00:00:00','0000-00-00 00:00:00'),(173,161,71,'0000-00-00 00:00:00','0000-00-00 00:00:00'),(174,162,72,'0000-00-00 00:00:00','0000-00-00 00:00:00'),(175,168,73,'0000-00-00 00:00:00','0000-00-00 00:00:00'),(176,166,74,'0000-00-00 00:00:00','0000-00-00 00:00:00'),(177,169,75,'0000-00-00 00:00:00','0000-00-00 00:00:00'),(178,167,76,'0000-00-00 00:00:00','0000-00-00 00:00:00'),(179,171,77,'0000-00-00 00:00:00','0000-00-00 00:00:00'),(180,172,78,'0000-00-00 00:00:00','0000-00-00 00:00:00'),(181,173,79,'0000-00-00 00:00:00','0000-00-00 00:00:00'),(182,174,80,'0000-00-00 00:00:00','0000-00-00 00:00:00'),(183,175,81,'0000-00-00 00:00:00','0000-00-00 00:00:00'),(184,177,81,'0000-00-00 00:00:00','0000-00-00 00:00:00'),(185,178,82,'0000-00-00 00:00:00','0000-00-00 00:00:00'),(186,181,83,'0000-00-00 00:00:00','0000-00-00 00:00:00'),(187,203,83,'0000-00-00 00:00:00','0000-00-00 00:00:00'),(188,182,84,'0000-00-00 00:00:00','0000-00-00 00:00:00'),(189,184,84,'0000-00-00 00:00:00','0000-00-00 00:00:00'),(190,187,85,'0000-00-00 00:00:00','0000-00-00 00:00:00'),(191,188,86,'0000-00-00 00:00:00','0000-00-00 00:00:00'),(192,189,87,'0000-00-00 00:00:00','0000-00-00 00:00:00'),(193,190,88,'0000-00-00 00:00:00','0000-00-00 00:00:00'),(194,191,89,'0000-00-00 00:00:00','0000-00-00 00:00:00'),(195,193,90,'0000-00-00 00:00:00','0000-00-00 00:00:00'),(196,199,91,'0000-00-00 00:00:00','0000-00-00 00:00:00'),(197,202,92,'0000-00-00 00:00:00','0000-00-00 00:00:00'),(198,186,93,'0000-00-00 00:00:00','0000-00-00 00:00:00'),(199,245,93,'0000-00-00 00:00:00','0000-00-00 00:00:00'),(200,207,94,'0000-00-00 00:00:00','0000-00-00 00:00:00'),(201,209,95,'0000-00-00 00:00:00','0000-00-00 00:00:00'),(202,267,95,'0000-00-00 00:00:00','0000-00-00 00:00:00'),(203,210,96,'0000-00-00 00:00:00','0000-00-00 00:00:00'),(204,266,96,'0000-00-00 00:00:00','0000-00-00 00:00:00'),(205,211,97,'0000-00-00 00:00:00','0000-00-00 00:00:00'),(206,212,98,'0000-00-00 00:00:00','0000-00-00 00:00:00'),(207,213,99,'0000-00-00 00:00:00','0000-00-00 00:00:00'),(208,214,100,'0000-00-00 00:00:00','0000-00-00 00:00:00'),(209,215,101,'0000-00-00 00:00:00','0000-00-00 00:00:00'),(210,216,102,'0000-00-00 00:00:00','0000-00-00 00:00:00'),(211,217,103,'0000-00-00 00:00:00','0000-00-00 00:00:00'),(212,218,104,'0000-00-00 00:00:00','0000-00-00 00:00:00'),(213,223,104,'0000-00-00 00:00:00','0000-00-00 00:00:00'),(214,219,105,'0000-00-00 00:00:00','0000-00-00 00:00:00'),(215,220,106,'0000-00-00 00:00:00','0000-00-00 00:00:00'),(216,221,107,'0000-00-00 00:00:00','0000-00-00 00:00:00'),(217,222,108,'0000-00-00 00:00:00','0000-00-00 00:00:00'),(218,224,109,'0000-00-00 00:00:00','0000-00-00 00:00:00'),(219,257,109,'0000-00-00 00:00:00','0000-00-00 00:00:00'),(220,225,110,'0000-00-00 00:00:00','0000-00-00 00:00:00'),(221,226,111,'0000-00-00 00:00:00','0000-00-00 00:00:00'),(222,227,112,'0000-00-00 00:00:00','0000-00-00 00:00:00'),(223,228,113,'0000-00-00 00:00:00','0000-00-00 00:00:00'),(224,234,114,'0000-00-00 00:00:00','0000-00-00 00:00:00'),(225,235,115,'0000-00-00 00:00:00','0000-00-00 00:00:00'),(226,237,116,'0000-00-00 00:00:00','0000-00-00 00:00:00'),(227,236,117,'0000-00-00 00:00:00','0000-00-00 00:00:00'),(228,240,118,'0000-00-00 00:00:00','0000-00-00 00:00:00'),(229,241,119,'0000-00-00 00:00:00','0000-00-00 00:00:00'),(230,247,120,'0000-00-00 00:00:00','0000-00-00 00:00:00'),(231,255,120,'0000-00-00 00:00:00','0000-00-00 00:00:00'),(232,263,120,'0000-00-00 00:00:00','0000-00-00 00:00:00'),(233,248,121,'0000-00-00 00:00:00','0000-00-00 00:00:00'),(234,249,122,'0000-00-00 00:00:00','0000-00-00 00:00:00'),(235,246,123,'0000-00-00 00:00:00','0000-00-00 00:00:00'),(236,250,123,'0000-00-00 00:00:00','0000-00-00 00:00:00'),(237,251,124,'0000-00-00 00:00:00','0000-00-00 00:00:00'),(238,260,124,'0000-00-00 00:00:00','0000-00-00 00:00:00'),(239,261,124,'0000-00-00 00:00:00','0000-00-00 00:00:00'),(240,252,125,'0000-00-00 00:00:00','0000-00-00 00:00:00'),(241,279,125,'0000-00-00 00:00:00','0000-00-00 00:00:00'),(242,254,126,'0000-00-00 00:00:00','0000-00-00 00:00:00'),(243,281,127,'0000-00-00 00:00:00','0000-00-00 00:00:00'),(244,268,128,'0000-00-00 00:00:00','0000-00-00 00:00:00'),(245,270,128,'0000-00-00 00:00:00','0000-00-00 00:00:00'),(246,271,128,'0000-00-00 00:00:00','0000-00-00 00:00:00'),(247,264,131,'0000-00-00 00:00:00','0000-00-00 00:00:00'),(248,284,132,'0000-00-00 00:00:00','0000-00-00 00:00:00'),(249,269,133,'0000-00-00 00:00:00','0000-00-00 00:00:00'),(250,276,134,'0000-00-00 00:00:00','0000-00-00 00:00:00'),(251,286,135,'0000-00-00 00:00:00','0000-00-00 00:00:00');
/*!40000 ALTER TABLE "brandings" ENABLE KEYS */;
UNLOCK TABLES;

--
-- Table structure for table "brands"
--

DROP TABLE IF EXISTS "brands";
/*!40101 SET @saved_cs_client     = @@character_set_client */;
/*!40101 SET character_set_client = utf8 */;
CREATE TABLE "brands" (
  "id" int(11) NOT NULL,
  "name" varchar(255) COLLATE utf8_unicode_ci DEFAULT NULL,
  "owner" varchar(255) COLLATE utf8_unicode_ci DEFAULT NULL,
  "description" text COLLATE utf8_unicode_ci,
  "created_at" datetime NOT NULL,
  "updated_at" datetime NOT NULL,
  "brand_owner_id" int(11) DEFAULT NULL,
  PRIMARY KEY ("id")
);
/*!40101 SET character_set_client = @saved_cs_client */;

--
-- Dumping data for table "brands"
--

LOCK TABLES "brands" WRITE;
/*!40000 ALTER TABLE "brands" DISABLE KEYS */;
INSERT INTO "brands" VALUES (1,'Coca Cola','Unilever',NULL,'2012-11-02 00:26:45','2012-11-02 00:26:45',NULL),(2,'Choceur','Aldi Stores','','2012-11-22 12:53:22','2012-11-22 12:53:22',NULL),(3,'Grandessa',NULL,'','2012-11-22 14:14:19','2012-11-22 14:14:19',1),(4,'Tetley',NULL,'','2012-11-22 14:21:30','2012-11-22 14:21:30',2),(5,'Holly Lane',NULL,'','2012-11-22 14:21:55','2012-11-22 14:21:55',1),(6,'Hunter\'s',NULL,'','2012-11-22 14:22:15','2012-11-22 14:22:15',1),(7,'Aldi',NULL,'','2012-11-22 14:23:01','2012-11-22 14:23:01',1),(8,'Irn bru',NULL,'','2012-11-22 14:24:08','2012-11-22 14:24:08',1),(9,'Northern Catch',NULL,'','2012-11-22 14:24:52','2012-11-22 14:24:52',3),(10,'Simply Bistro',NULL,'','2012-11-22 14:25:15','2012-11-22 14:25:15',1),(11,'Roosters',NULL,'','2012-11-22 14:25:36','2012-11-22 14:25:36',4),(12,'Snackrite',NULL,'','2012-11-22 14:25:54','2012-11-22 14:25:54',1),(13,'Kirkton House',NULL,'','2012-11-22 14:26:17','2012-11-22 14:26:17',5),(14,'Dairyfine',NULL,'','2012-11-22 14:26:37','2012-11-22 14:26:37',1),(15,'Wolf Blass',NULL,'','2012-11-22 14:27:01','2012-11-22 14:27:01',49),(16,'Baron',NULL,'','2012-11-22 14:27:20','2012-11-22 14:27:20',1),(17,'Taurus',NULL,'','2012-11-22 14:27:37','2012-11-22 14:27:37',1),(18,'Galahad',NULL,'','2012-11-22 14:28:10','2012-11-22 14:28:10',1),(19,'Cadbury',NULL,'','2012-11-22 14:28:35','2012-11-22 14:28:35',6),(20,'McVities',NULL,'','2012-11-22 14:28:52','2012-11-22 14:28:52',7),(21,'Asda',NULL,'','2012-11-22 14:29:26','2012-11-22 14:29:26',8),(22,'Go Ahead',NULL,'','2012-11-22 14:29:51','2012-11-22 14:29:51',7),(23,'New York Bagel Co.',NULL,'','2012-11-22 14:30:09','2012-11-22 14:30:09',9),(24,'Weightwatchers',NULL,'','2012-11-22 14:30:31','2012-11-22 14:30:31',10),(25,'Supervalu',NULL,'','2012-11-22 14:30:50','2012-11-22 14:30:50',11),(26,'Budgens',NULL,'','2012-11-22 14:31:13','2012-11-22 14:31:13',12),(27,'Muller',NULL,'','2012-11-22 14:31:32','2012-11-22 14:31:32',13),(28,'Fairy',NULL,'','2012-11-22 14:31:56','2012-11-22 14:31:56',14),(29,'Goodlife',NULL,'','2012-11-22 14:32:17','2012-11-22 14:32:17',15),(30,'Robinsons',NULL,'','2012-11-22 14:32:37','2012-11-22 14:32:37',16),(31,'Volvic',NULL,'','2012-11-22 14:32:53','2012-11-22 14:32:53',17),(32,'Walker\'s Sensations',NULL,'','2012-11-22 14:33:13','2012-11-22 14:33:13',18),(33,'Brusch',NULL,'','2012-11-22 14:33:45','2012-11-22 14:33:45',NULL),(34,'Debenhams',NULL,'','2012-11-22 14:34:42','2012-11-22 14:34:42',19),(35,'Yves Saint Laurent',NULL,'','2012-11-22 14:35:06','2012-11-22 14:35:06',20),(36,'Jasper Conran',NULL,'','2012-11-22 14:35:23','2012-11-22 14:35:23',21),(37,'Nespresso',NULL,'','2012-11-22 14:35:38','2012-11-22 14:35:38',22),(38,'Russell Hobbs',NULL,'','2012-11-22 14:36:02','2012-11-22 14:36:02',23),(39,'Prestige',NULL,'','2012-11-22 14:36:22','2012-11-22 14:36:22',24),(40,'This Morning',NULL,'','2012-11-22 14:36:37','2012-11-22 14:36:37',24),(41,'House & Home',NULL,'','2012-11-22 14:36:59','2012-11-22 14:36:59',25),(42,'Choccie Dodgers',NULL,'','2012-11-22 14:37:21','2012-11-22 14:37:21',26),(43,'Huggies',NULL,'','2012-11-22 14:37:38','2012-11-22 14:37:38',27),(44,'Asda Chosen by You',NULL,'','2012-11-22 14:38:00','2012-11-22 14:38:00',8),(45,'Asda Extra Special',NULL,'','2012-11-22 14:38:14','2012-11-22 14:38:14',8),(46,'Tropicana',NULL,'','2012-11-22 14:38:32','2012-11-22 14:38:32',28),(47,'Anchor',NULL,'','2012-11-22 14:38:53','2012-11-22 14:38:53',29),(48,'Jacob\'s Creek',NULL,'','2012-11-22 14:39:13','2012-11-22 14:39:13',56),(49,'Cuprinol',NULL,'','2012-11-22 14:39:39','2012-11-22 14:39:39',30),(50,'Hero',NULL,'','2012-11-22 14:39:52','2012-11-22 14:39:52',NULL),(51,'WD-40',NULL,'','2012-11-22 14:40:20','2012-11-22 14:40:20',NULL),(52,'Heinz',NULL,'','2012-11-22 14:41:06','2012-11-22 14:41:06',10),(53,'Harpic',NULL,'','2012-11-22 14:41:20','2012-11-22 14:41:20',31),(54,'Sharwood\'s',NULL,'','2012-11-22 14:41:36','2012-11-22 14:41:36',32),(55,'2000 AD Magazine',NULL,'','2012-11-22 14:42:05','2012-11-22 14:42:05',33),(56,'OK Magazine',NULL,'','2012-11-22 14:42:25','2012-11-22 14:42:25',34),(57,'Aero',NULL,'','2012-11-22 14:43:13','2012-11-22 14:43:13',22),(58,'Nestle',NULL,'','2012-11-27 22:46:26','2012-11-27 22:46:26',22),(59,'Pukka-pies',NULL,'','2012-11-28 10:07:18','2012-11-28 10:07:18',14),(60,'Dolmio',NULL,'','2012-11-28 11:04:49','2012-11-28 11:04:49',39),(61,'Asda Connect',NULL,'','2012-11-28 11:07:01','2012-11-28 11:07:01',8),(62,'Banrock Station',NULL,'','2012-11-28 11:14:33','2012-11-28 11:14:33',36),(63,'Bachelors',NULL,'','2012-11-28 11:14:52','2012-11-28 11:14:52',32),(64,'Duzzit',NULL,'','2012-11-28 11:18:10','2012-11-28 11:18:10',73),(65,'Aussie',NULL,'','2012-11-28 11:23:02','2012-11-28 11:23:02',14),(66,'Tymbark',NULL,'','2012-11-28 11:23:28','2012-11-28 11:23:28',37),(67,'Napolina',NULL,'','2012-11-28 11:23:43','2012-11-28 11:23:43',38),(68,'Ainsley Harriott',NULL,'','2012-11-28 11:29:32','2012-11-28 11:29:32',40),(69,'Super Noodles',NULL,'','2012-11-28 11:29:48','2012-11-28 11:29:48',41),(70,'John West',NULL,'','2012-11-28 11:33:41','2012-11-28 11:33:41',112),(71,'Pampers',NULL,'','2012-11-28 11:50:27','2012-11-28 11:50:27',14),(72,'Sure',NULL,'','2012-11-28 11:51:04','2012-11-28 11:51:04',69),(73,'Minky',NULL,'','2012-11-28 11:59:06','2012-11-28 11:59:06',43),(74,'Ariel',NULL,'','2012-11-28 11:59:26','2012-11-28 11:59:26',14),(75,'Daz',NULL,'','2012-11-28 11:59:47','2012-11-28 11:59:47',14),(76,'Whiskas',NULL,'','2012-11-28 12:00:27','2012-11-28 12:00:27',39),(77,'Lenor',NULL,'','2012-11-28 12:22:18','2012-11-28 12:22:18',14),(78,'Bold',NULL,'','2012-11-28 12:22:35','2012-11-28 12:22:35',14),(79,'Fairy Liquid',NULL,'','2012-11-28 12:22:55','2012-11-28 12:22:55',14),(80,'Mis Fits',NULL,'','2012-11-28 12:23:14','2012-11-28 12:23:14',14),(81,'Kelloggs',NULL,'','2012-11-28 12:23:30','2012-11-28 12:23:30',44),(82,'Weetabix',NULL,'','2012-11-28 12:24:08','2012-11-28 12:24:08',8),(83,'Capri-Sun',NULL,'','2012-11-28 12:24:39','2012-11-28 12:24:39',45),(84,'Nescafe',NULL,'','2012-11-28 12:24:52','2012-11-28 12:24:52',22),(85,'Skippy',NULL,'','2012-11-28 12:25:11','2012-11-28 12:25:11',69),(86,'Hartleys',NULL,'','2012-11-28 12:25:32','2012-11-28 12:25:32',32),(87,'Nutella',NULL,'','2012-11-28 12:25:57','2012-11-28 12:25:57',14),(88,'Silver Spoon',NULL,'','2012-11-28 12:26:16','2012-11-28 12:26:16',46),(89,'Powerade',NULL,'','2012-11-28 12:26:35','2012-11-28 12:26:35',35),(90,'Lion',NULL,'','2012-11-28 12:26:54','2012-11-28 12:26:54',22),(91,'Lucozade',NULL,'','2012-11-28 12:27:16','2012-11-28 12:27:16',15),(92,'RC Cola',NULL,'','2012-11-28 12:27:41','2012-11-28 12:27:41',47),(93,'PG Tips',NULL,'','2012-11-28 13:05:11','2012-11-28 13:05:11',69),(94,'Cono Sur',NULL,'','2012-11-28 13:22:29','2012-11-28 13:22:29',50),(95,'Lambrini cider',NULL,'','2012-11-28 14:54:56','2012-11-28 14:54:56',48),(96,'Penn State',NULL,'','2012-11-28 14:55:14','2012-11-28 14:55:14',51),(97,'Bulmers',NULL,'','2012-11-28 14:55:47','2012-11-28 14:55:47',52),(98,'Sourz',NULL,'','2012-11-28 14:56:11','2012-11-28 14:56:11',53),(99,'Blossom Hill',NULL,'','2012-11-28 14:56:28','2012-11-28 14:56:28',54),(100,'Magners',NULL,'','2012-11-28 14:56:48','2012-11-28 14:56:48',55),(101,'Malibu',NULL,'','2012-11-28 14:57:03','2012-11-28 14:57:03',56),(102,'Foster\'s',NULL,'','2012-11-28 14:57:20','2012-11-28 14:57:20',57),(103,'Pimm\'s',NULL,'','2012-11-28 14:57:38','2012-11-28 14:57:38',58),(104,'Smirnoff',NULL,'','2012-11-28 14:57:51','2012-11-28 14:57:51',58),(105,'Funkin',NULL,'','2012-11-28 14:58:15','2012-11-28 14:58:15',NULL),(106,'Absolut',NULL,'','2012-11-28 14:58:38','2012-11-28 14:58:38',56),(107,'Amaretto',NULL,'','2012-11-28 14:58:58','2012-11-28 14:58:58',1),(108,'San Miguel',NULL,'','2012-11-28 14:59:27','2012-11-28 14:59:27',57),(109,'Oloves',NULL,'','2012-11-28 14:59:44','2012-11-28 14:59:44',NULL),(110,'Evian',NULL,'','2012-11-28 14:59:58','2012-11-28 14:59:58',17),(111,'Steinlager',NULL,'','2012-11-28 15:15:36','2012-11-28 15:15:36',61),(112,'Stella Artois',NULL,'','2012-11-28 15:15:51','2012-11-28 15:15:51',62),(113,'Hungry Joe\'s',NULL,'','2012-11-28 15:16:10','2012-11-28 15:16:10',63),(114,'Aunt Bessies',NULL,'','2012-11-28 15:16:25','2012-11-28 15:16:25',64),(115,'McCain',NULL,'','2012-11-28 15:16:41','2012-11-28 15:16:41',65),(116,'Vimto',NULL,'','2012-11-28 15:16:54','2012-11-28 15:16:54',66),(117,'Kleenex',NULL,'','2012-11-28 15:17:10','2012-11-28 15:17:10',27),(118,'Marley\'s',NULL,'','2012-11-28 15:17:27','2012-11-28 15:17:27',68),(119,'Pepsi',NULL,'','2012-11-28 15:17:51','2012-11-28 15:17:51',28),(120,'Lynx',NULL,'','2012-11-28 16:34:56','2012-11-28 16:34:56',69),(121,'Radox',NULL,'','2012-11-28 16:35:18','2012-11-28 16:35:18',69),(122,'Indulge & Escape',NULL,'','2012-11-28 16:35:36','2012-11-28 16:35:36',NULL),(123,'Asda Little Angels',NULL,'','2012-11-28 16:35:52','2012-11-28 16:35:52',8),(124,'Nivea',NULL,'','2012-11-28 16:36:06','2012-11-28 16:36:06',71),(125,'Walkers',NULL,'','2012-11-28 16:36:22','2012-11-28 16:36:22',18),(126,'Right Guard',NULL,'','2012-11-28 16:36:43','2012-11-28 16:36:43',14),(127,'The Sun',NULL,'','2012-11-28 16:54:54','2012-11-28 16:54:54',76),(128,'George',NULL,'','2012-11-28 16:55:14','2012-11-28 16:55:14',73),(129,'Lego',NULL,'','2012-11-28 16:55:39','2012-11-28 16:55:39',77),(130,'Haber',NULL,'','2012-11-28 16:55:54','2012-11-28 16:55:54',NULL),(131,'Garnier',NULL,'','2012-11-28 17:37:01','2012-11-28 17:37:01',72),(132,'Neutrogena',NULL,'','2012-11-28 17:37:21','2012-11-28 17:37:21',74),(133,'Schwartz',NULL,'','2012-11-28 17:37:43','2012-11-28 17:37:43',75),(134,'Cox\'s',NULL,'','2012-11-28 17:37:58','2012-11-28 17:37:58',NULL),(135,'Kindle',NULL,'','2012-11-29 11:20:00','2012-11-29 11:20:00',113);
/*!40000 ALTER TABLE "brands" ENABLE KEYS */;
UNLOCK TABLES;

--
-- Table structure for table "categories"
--

DROP TABLE IF EXISTS "categories";
/*!40101 SET @saved_cs_client     = @@character_set_client */;
/*!40101 SET character_set_client = utf8 */;
CREATE TABLE "categories" (
  "id" int(11) NOT NULL,
  "name" varchar(255) COLLATE utf8_unicode_ci DEFAULT NULL,
  "description" text COLLATE utf8_unicode_ci,
  "created_at" datetime NOT NULL,
  "updated_at" datetime NOT NULL,
  PRIMARY KEY ("id")
);
/*!40101 SET character_set_client = @saved_cs_client */;

--
-- Dumping data for table "categories"
--

LOCK TABLES "categories" WRITE;
/*!40000 ALTER TABLE "categories" DISABLE KEYS */;
INSERT INTO "categories" VALUES (1,'Baby care',NULL,'2012-11-02 00:26:45','2012-11-02 00:26:45'),(2,'Beer wines and spirits',NULL,'2012-11-02 00:26:45','2012-11-02 00:26:45'),(3,'Books Stationery Gaming Music',NULL,'2012-11-02 00:26:45','2012-11-02 00:26:45'),(4,'Bread, cakes, biscuits',NULL,'2012-11-02 00:26:45','2012-11-02 00:26:45'),(5,'Breakfast cereals',NULL,'2012-11-02 00:26:45','2012-11-02 00:26:45'),(6,'Clothing and footwear',NULL,'2012-11-02 00:26:45','2012-11-02 00:26:45'),(7,'General produce, dry goods',NULL,'2012-11-02 00:26:45','2012-11-02 00:26:45'),(8,'Confectionery',NULL,'2012-11-02 00:26:45','2012-11-02 00:26:45'),(9,'Tobacco',NULL,'2012-11-02 00:26:45','2012-11-02 00:26:45'),(10,'News, Magazines',NULL,'2012-11-02 00:26:45','2012-11-02 00:26:45'),(11,'Dairy',NULL,'2012-11-02 00:26:45','2012-11-02 00:26:45'),(12,'Fresh produce, deli',NULL,'2012-11-02 00:26:45','2012-11-02 00:26:45'),(13,'DIY, Outdoors',NULL,'2012-11-02 00:26:45','2012-11-02 00:26:45'),(14,'Frozen',NULL,'2012-11-02 00:26:45','2012-11-02 00:26:45'),(15,'Health, vitamins, pharmacy',NULL,'2012-11-02 00:26:45','2012-11-02 00:26:45'),(16,'Homebaking',NULL,'2012-11-02 00:26:45','2012-11-02 00:26:45'),(17,'Homewares',NULL,'2012-11-02 00:26:45','2012-11-02 00:26:45'),(18,'Hot beverages',NULL,'2012-11-02 00:26:45','2012-11-02 00:26:45'),(19,'Household cleaning',NULL,'2012-11-02 00:26:45','2012-11-02 00:26:45'),(20,'Lunchtime, takeaway',NULL,'2012-11-02 00:26:45','2012-11-02 00:26:45'),(21,'Oral care',NULL,'2012-11-02 00:26:45','2012-11-02 00:26:45'),(22,'Personal hygiene',NULL,'2012-11-02 00:26:45','2012-11-02 00:26:45'),(23,'World food',NULL,'2012-11-02 00:26:45','2012-11-02 00:26:45'),(24,'Ready meals',NULL,'2012-11-02 00:26:45','2012-11-02 00:26:45'),(25,'Savoury snacks',NULL,'2012-11-02 00:26:45','2012-11-02 00:26:45'),(26,'Savoury snacks',NULL,'2012-11-02 00:26:45','2012-11-02 00:26:45'),(27,'Soft drinks',NULL,'2012-11-02 00:26:45','2012-11-02 00:26:45'),(28,'Sportswear',NULL,'2012-11-02 00:26:45','2012-11-02 00:26:45'),(29,'Audio visual (TV, video & Music)',NULL,'2012-11-02 00:26:45','2012-11-02 00:26:45'),(30,'Computers & accessories',NULL,'2012-11-02 00:26:45','2012-11-02 00:26:45'),(31,'Cameras & accessories',NULL,'2012-11-02 00:26:45','2012-11-02 00:26:45'),(32,'Household appliances',NULL,'2012-11-02 00:26:45','2012-11-02 00:26:45'),(33,'DVDs',NULL,'2012-11-02 00:26:45','2012-11-02 00:26:45'),(34,'Toys',NULL,'2012-11-02 00:26:45','2012-11-02 00:26:45'),(35,'Automotive',NULL,'2012-11-02 00:26:45','2012-11-02 00:26:45'),(36,'Gift cards',NULL,'2012-11-02 00:26:45','2012-11-02 00:26:45'),(37,'Pet care',NULL,'2012-11-02 00:26:45','2012-11-02 00:26:45'),(38,'Financial service',NULL,'2012-11-02 00:26:45','2012-11-02 00:26:45'),(39,'Value aisle',NULL,'2012-11-02 00:26:45','2012-11-02 00:26:45'),(40,'Health & Beauty',NULL,'2012-11-02 00:26:45','2012-11-02 00:26:45'),(41,'Mobiles & accessories','','2012-11-28 11:08:22','2012-11-28 11:08:22');
/*!40000 ALTER TABLE "categories" ENABLE KEYS */;
UNLOCK TABLES;

--
-- Table structure for table "categorizations"
--

DROP TABLE IF EXISTS "categorizations";
/*!40101 SET @saved_cs_client     = @@character_set_client */;
/*!40101 SET character_set_client = utf8 */;
CREATE TABLE "categorizations" (
  "id" int(11) NOT NULL,
  "photo_id" int(11) DEFAULT NULL,
  "category_id" int(11) DEFAULT NULL,
  "created_at" datetime NOT NULL,
  "updated_at" datetime NOT NULL,
  PRIMARY KEY ("id")
);
/*!40101 SET character_set_client = @saved_cs_client */;

--
-- Dumping data for table "categorizations"
--

LOCK TABLES "categorizations" WRITE;
/*!40000 ALTER TABLE "categorizations" DISABLE KEYS */;
INSERT INTO "categorizations" VALUES (1,286,3,'2012-11-29 17:07:08','2012-11-29 17:07:08'),(2,286,4,'2012-11-29 17:07:08','2012-11-29 17:07:08'),(3,286,5,'2012-11-29 17:42:38','2012-11-29 17:42:38'),(4,286,8,'2012-11-29 17:42:38','2012-11-29 17:42:38'),(5,112,1,'0000-00-00 00:00:00','0000-00-00 00:00:00'),(6,145,1,'0000-00-00 00:00:00','0000-00-00 00:00:00'),(7,152,1,'0000-00-00 00:00:00','0000-00-00 00:00:00'),(8,153,1,'0000-00-00 00:00:00','0000-00-00 00:00:00'),(9,156,1,'0000-00-00 00:00:00','0000-00-00 00:00:00'),(10,161,1,'0000-00-00 00:00:00','0000-00-00 00:00:00'),(11,196,1,'0000-00-00 00:00:00','0000-00-00 00:00:00'),(12,246,1,'0000-00-00 00:00:00','0000-00-00 00:00:00'),(13,250,1,'0000-00-00 00:00:00','0000-00-00 00:00:00'),(14,258,1,'0000-00-00 00:00:00','0000-00-00 00:00:00'),(15,262,1,'0000-00-00 00:00:00','0000-00-00 00:00:00'),(16,270,1,'0000-00-00 00:00:00','0000-00-00 00:00:00'),(17,271,1,'0000-00-00 00:00:00','0000-00-00 00:00:00'),(18,272,1,'0000-00-00 00:00:00','0000-00-00 00:00:00'),(19,286,1,'0000-00-00 00:00:00','0000-00-00 00:00:00'),(20,52,2,'0000-00-00 00:00:00','0000-00-00 00:00:00'),(21,53,2,'0000-00-00 00:00:00','0000-00-00 00:00:00'),(22,54,2,'0000-00-00 00:00:00','0000-00-00 00:00:00'),(23,55,2,'0000-00-00 00:00:00','0000-00-00 00:00:00'),(24,56,2,'0000-00-00 00:00:00','0000-00-00 00:00:00'),(25,77,2,'0000-00-00 00:00:00','0000-00-00 00:00:00'),(26,130,2,'0000-00-00 00:00:00','0000-00-00 00:00:00'),(27,146,2,'0000-00-00 00:00:00','0000-00-00 00:00:00'),(28,205,2,'0000-00-00 00:00:00','0000-00-00 00:00:00'),(29,206,2,'0000-00-00 00:00:00','0000-00-00 00:00:00'),(30,207,2,'0000-00-00 00:00:00','0000-00-00 00:00:00'),(31,209,2,'0000-00-00 00:00:00','0000-00-00 00:00:00'),(32,211,2,'0000-00-00 00:00:00','0000-00-00 00:00:00'),(33,212,2,'0000-00-00 00:00:00','0000-00-00 00:00:00'),(34,213,2,'0000-00-00 00:00:00','0000-00-00 00:00:00'),(35,214,2,'0000-00-00 00:00:00','0000-00-00 00:00:00'),(36,215,2,'0000-00-00 00:00:00','0000-00-00 00:00:00'),(37,216,2,'0000-00-00 00:00:00','0000-00-00 00:00:00'),(38,217,2,'0000-00-00 00:00:00','0000-00-00 00:00:00'),(39,218,2,'0000-00-00 00:00:00','0000-00-00 00:00:00'),(40,219,2,'0000-00-00 00:00:00','0000-00-00 00:00:00'),(41,220,2,'0000-00-00 00:00:00','0000-00-00 00:00:00'),(42,221,2,'0000-00-00 00:00:00','0000-00-00 00:00:00'),(43,222,2,'0000-00-00 00:00:00','0000-00-00 00:00:00'),(44,223,2,'0000-00-00 00:00:00','0000-00-00 00:00:00'),(45,224,2,'0000-00-00 00:00:00','0000-00-00 00:00:00'),(46,226,2,'0000-00-00 00:00:00','0000-00-00 00:00:00'),(47,227,2,'0000-00-00 00:00:00','0000-00-00 00:00:00'),(48,35,4,'0000-00-00 00:00:00','0000-00-00 00:00:00'),(49,68,4,'0000-00-00 00:00:00','0000-00-00 00:00:00'),(50,89,4,'0000-00-00 00:00:00','0000-00-00 00:00:00'),(51,90,4,'0000-00-00 00:00:00','0000-00-00 00:00:00'),(52,91,4,'0000-00-00 00:00:00','0000-00-00 00:00:00'),(53,92,4,'0000-00-00 00:00:00','0000-00-00 00:00:00'),(54,93,4,'0000-00-00 00:00:00','0000-00-00 00:00:00'),(55,94,4,'0000-00-00 00:00:00','0000-00-00 00:00:00'),(56,95,4,'0000-00-00 00:00:00','0000-00-00 00:00:00'),(57,96,4,'0000-00-00 00:00:00','0000-00-00 00:00:00'),(58,97,4,'0000-00-00 00:00:00','0000-00-00 00:00:00'),(59,98,4,'0000-00-00 00:00:00','0000-00-00 00:00:00'),(60,99,4,'0000-00-00 00:00:00','0000-00-00 00:00:00'),(61,111,4,'0000-00-00 00:00:00','0000-00-00 00:00:00'),(62,151,4,'0000-00-00 00:00:00','0000-00-00 00:00:00'),(63,163,4,'0000-00-00 00:00:00','0000-00-00 00:00:00'),(64,164,4,'0000-00-00 00:00:00','0000-00-00 00:00:00'),(65,165,4,'0000-00-00 00:00:00','0000-00-00 00:00:00'),(66,244,4,'0000-00-00 00:00:00','0000-00-00 00:00:00'),(67,280,4,'0000-00-00 00:00:00','0000-00-00 00:00:00'),(68,175,5,'0000-00-00 00:00:00','0000-00-00 00:00:00'),(69,176,5,'0000-00-00 00:00:00','0000-00-00 00:00:00'),(70,177,5,'0000-00-00 00:00:00','0000-00-00 00:00:00'),(71,178,5,'0000-00-00 00:00:00','0000-00-00 00:00:00'),(72,87,6,'0000-00-00 00:00:00','0000-00-00 00:00:00'),(73,109,6,'0000-00-00 00:00:00','0000-00-00 00:00:00'),(74,110,6,'0000-00-00 00:00:00','0000-00-00 00:00:00'),(75,239,6,'0000-00-00 00:00:00','0000-00-00 00:00:00'),(76,283,6,'0000-00-00 00:00:00','0000-00-00 00:00:00'),(77,30,7,'0000-00-00 00:00:00','0000-00-00 00:00:00'),(78,31,7,'0000-00-00 00:00:00','0000-00-00 00:00:00'),(79,32,7,'0000-00-00 00:00:00','0000-00-00 00:00:00'),(80,33,7,'0000-00-00 00:00:00','0000-00-00 00:00:00'),(81,36,7,'0000-00-00 00:00:00','0000-00-00 00:00:00'),(82,38,7,'0000-00-00 00:00:00','0000-00-00 00:00:00'),(83,59,7,'0000-00-00 00:00:00','0000-00-00 00:00:00'),(84,70,7,'0000-00-00 00:00:00','0000-00-00 00:00:00'),(85,74,7,'0000-00-00 00:00:00','0000-00-00 00:00:00'),(86,80,7,'0000-00-00 00:00:00','0000-00-00 00:00:00'),(87,81,7,'0000-00-00 00:00:00','0000-00-00 00:00:00'),(88,137,7,'0000-00-00 00:00:00','0000-00-00 00:00:00'),(89,138,7,'0000-00-00 00:00:00','0000-00-00 00:00:00'),(90,148,7,'0000-00-00 00:00:00','0000-00-00 00:00:00'),(91,159,7,'0000-00-00 00:00:00','0000-00-00 00:00:00'),(92,160,7,'0000-00-00 00:00:00','0000-00-00 00:00:00'),(93,187,7,'0000-00-00 00:00:00','0000-00-00 00:00:00'),(94,188,7,'0000-00-00 00:00:00','0000-00-00 00:00:00'),(95,189,7,'0000-00-00 00:00:00','0000-00-00 00:00:00'),(96,190,7,'0000-00-00 00:00:00','0000-00-00 00:00:00'),(97,197,7,'0000-00-00 00:00:00','0000-00-00 00:00:00'),(98,242,7,'0000-00-00 00:00:00','0000-00-00 00:00:00'),(99,243,7,'0000-00-00 00:00:00','0000-00-00 00:00:00'),(100,269,7,'0000-00-00 00:00:00','0000-00-00 00:00:00'),(101,29,8,'0000-00-00 00:00:00','0000-00-00 00:00:00'),(102,49,8,'0000-00-00 00:00:00','0000-00-00 00:00:00'),(103,50,8,'0000-00-00 00:00:00','0000-00-00 00:00:00'),(104,60,8,'0000-00-00 00:00:00','0000-00-00 00:00:00'),(105,88,8,'0000-00-00 00:00:00','0000-00-00 00:00:00'),(106,133,8,'0000-00-00 00:00:00','0000-00-00 00:00:00'),(107,144,8,'0000-00-00 00:00:00','0000-00-00 00:00:00'),(108,193,8,'0000-00-00 00:00:00','0000-00-00 00:00:00'),(109,141,10,'0000-00-00 00:00:00','0000-00-00 00:00:00'),(110,142,10,'0000-00-00 00:00:00','0000-00-00 00:00:00'),(111,281,10,'0000-00-00 00:00:00','0000-00-00 00:00:00'),(112,69,11,'0000-00-00 00:00:00','0000-00-00 00:00:00'),(113,129,11,'0000-00-00 00:00:00','0000-00-00 00:00:00'),(114,131,11,'0000-00-00 00:00:00','0000-00-00 00:00:00'),(115,132,11,'0000-00-00 00:00:00','0000-00-00 00:00:00'),(116,275,11,'0000-00-00 00:00:00','0000-00-00 00:00:00'),(117,45,12,'0000-00-00 00:00:00','0000-00-00 00:00:00'),(118,46,12,'0000-00-00 00:00:00','0000-00-00 00:00:00'),(119,47,12,'0000-00-00 00:00:00','0000-00-00 00:00:00'),(120,58,12,'0000-00-00 00:00:00','0000-00-00 00:00:00'),(121,61,12,'0000-00-00 00:00:00','0000-00-00 00:00:00'),(122,63,12,'0000-00-00 00:00:00','0000-00-00 00:00:00'),(123,82,12,'0000-00-00 00:00:00','0000-00-00 00:00:00'),(124,113,12,'0000-00-00 00:00:00','0000-00-00 00:00:00'),(125,114,12,'0000-00-00 00:00:00','0000-00-00 00:00:00'),(126,115,12,'0000-00-00 00:00:00','0000-00-00 00:00:00'),(127,116,12,'0000-00-00 00:00:00','0000-00-00 00:00:00'),(128,117,12,'0000-00-00 00:00:00','0000-00-00 00:00:00'),(129,123,12,'0000-00-00 00:00:00','0000-00-00 00:00:00'),(130,124,12,'0000-00-00 00:00:00','0000-00-00 00:00:00'),(131,125,12,'0000-00-00 00:00:00','0000-00-00 00:00:00'),(132,126,12,'0000-00-00 00:00:00','0000-00-00 00:00:00'),(133,273,12,'0000-00-00 00:00:00','0000-00-00 00:00:00'),(134,274,12,'0000-00-00 00:00:00','0000-00-00 00:00:00'),(135,276,12,'0000-00-00 00:00:00','0000-00-00 00:00:00'),(136,277,12,'0000-00-00 00:00:00','0000-00-00 00:00:00'),(137,278,12,'0000-00-00 00:00:00','0000-00-00 00:00:00'),(138,285,12,'0000-00-00 00:00:00','0000-00-00 00:00:00'),(139,134,13,'0000-00-00 00:00:00','0000-00-00 00:00:00'),(140,135,13,'0000-00-00 00:00:00','0000-00-00 00:00:00'),(141,136,13,'0000-00-00 00:00:00','0000-00-00 00:00:00'),(142,143,13,'0000-00-00 00:00:00','0000-00-00 00:00:00'),(143,282,13,'0000-00-00 00:00:00','0000-00-00 00:00:00'),(144,37,14,'0000-00-00 00:00:00','0000-00-00 00:00:00'),(145,40,14,'0000-00-00 00:00:00','0000-00-00 00:00:00'),(146,43,14,'0000-00-00 00:00:00','0000-00-00 00:00:00'),(147,57,14,'0000-00-00 00:00:00','0000-00-00 00:00:00'),(148,73,14,'0000-00-00 00:00:00','0000-00-00 00:00:00'),(149,194,14,'0000-00-00 00:00:00','0000-00-00 00:00:00'),(150,195,14,'0000-00-00 00:00:00','0000-00-00 00:00:00'),(151,228,14,'0000-00-00 00:00:00','0000-00-00 00:00:00'),(152,234,14,'0000-00-00 00:00:00','0000-00-00 00:00:00'),(153,235,14,'0000-00-00 00:00:00','0000-00-00 00:00:00'),(154,51,15,'0000-00-00 00:00:00','0000-00-00 00:00:00'),(155,260,15,'0000-00-00 00:00:00','0000-00-00 00:00:00'),(156,261,15,'0000-00-00 00:00:00','0000-00-00 00:00:00'),(157,263,15,'0000-00-00 00:00:00','0000-00-00 00:00:00'),(158,103,17,'0000-00-00 00:00:00','0000-00-00 00:00:00'),(159,104,17,'0000-00-00 00:00:00','0000-00-00 00:00:00'),(160,105,17,'0000-00-00 00:00:00','0000-00-00 00:00:00'),(161,106,17,'0000-00-00 00:00:00','0000-00-00 00:00:00'),(162,192,17,'0000-00-00 00:00:00','0000-00-00 00:00:00'),(163,71,18,'0000-00-00 00:00:00','0000-00-00 00:00:00'),(164,107,18,'0000-00-00 00:00:00','0000-00-00 00:00:00'),(165,182,18,'0000-00-00 00:00:00','0000-00-00 00:00:00'),(166,184,18,'0000-00-00 00:00:00','0000-00-00 00:00:00'),(167,185,18,'0000-00-00 00:00:00','0000-00-00 00:00:00'),(168,186,18,'0000-00-00 00:00:00','0000-00-00 00:00:00'),(169,245,18,'0000-00-00 00:00:00','0000-00-00 00:00:00'),(170,72,19,'0000-00-00 00:00:00','0000-00-00 00:00:00'),(171,139,19,'0000-00-00 00:00:00','0000-00-00 00:00:00'),(172,150,19,'0000-00-00 00:00:00','0000-00-00 00:00:00'),(173,155,19,'0000-00-00 00:00:00','0000-00-00 00:00:00'),(174,166,19,'0000-00-00 00:00:00','0000-00-00 00:00:00'),(175,168,19,'0000-00-00 00:00:00','0000-00-00 00:00:00'),(176,169,19,'0000-00-00 00:00:00','0000-00-00 00:00:00'),(177,170,19,'0000-00-00 00:00:00','0000-00-00 00:00:00'),(178,171,19,'0000-00-00 00:00:00','0000-00-00 00:00:00'),(179,172,19,'0000-00-00 00:00:00','0000-00-00 00:00:00'),(180,173,19,'0000-00-00 00:00:00','0000-00-00 00:00:00'),(181,279,20,'0000-00-00 00:00:00','0000-00-00 00:00:00'),(182,256,21,'0000-00-00 00:00:00','0000-00-00 00:00:00'),(183,257,21,'0000-00-00 00:00:00','0000-00-00 00:00:00'),(184,259,21,'0000-00-00 00:00:00','0000-00-00 00:00:00'),(185,162,22,'0000-00-00 00:00:00','0000-00-00 00:00:00'),(186,236,22,'0000-00-00 00:00:00','0000-00-00 00:00:00'),(187,247,22,'0000-00-00 00:00:00','0000-00-00 00:00:00'),(188,248,22,'0000-00-00 00:00:00','0000-00-00 00:00:00'),(189,249,22,'0000-00-00 00:00:00','0000-00-00 00:00:00'),(190,251,22,'0000-00-00 00:00:00','0000-00-00 00:00:00'),(191,253,22,'0000-00-00 00:00:00','0000-00-00 00:00:00'),(192,254,22,'0000-00-00 00:00:00','0000-00-00 00:00:00'),(193,255,22,'0000-00-00 00:00:00','0000-00-00 00:00:00'),(194,264,22,'0000-00-00 00:00:00','0000-00-00 00:00:00'),(195,266,22,'0000-00-00 00:00:00','0000-00-00 00:00:00'),(196,267,22,'0000-00-00 00:00:00','0000-00-00 00:00:00'),(197,268,22,'0000-00-00 00:00:00','0000-00-00 00:00:00'),(198,284,22,'0000-00-00 00:00:00','0000-00-00 00:00:00'),(199,42,24,'0000-00-00 00:00:00','0000-00-00 00:00:00'),(200,64,24,'0000-00-00 00:00:00','0000-00-00 00:00:00'),(201,65,24,'0000-00-00 00:00:00','0000-00-00 00:00:00'),(202,66,24,'0000-00-00 00:00:00','0000-00-00 00:00:00'),(203,118,24,'0000-00-00 00:00:00','0000-00-00 00:00:00'),(204,119,24,'0000-00-00 00:00:00','0000-00-00 00:00:00'),(205,121,24,'0000-00-00 00:00:00','0000-00-00 00:00:00'),(206,122,24,'0000-00-00 00:00:00','0000-00-00 00:00:00'),(207,147,24,'0000-00-00 00:00:00','0000-00-00 00:00:00'),(208,154,24,'0000-00-00 00:00:00','0000-00-00 00:00:00'),(209,157,24,'0000-00-00 00:00:00','0000-00-00 00:00:00'),(210,158,24,'0000-00-00 00:00:00','0000-00-00 00:00:00'),(211,44,25,'0000-00-00 00:00:00','0000-00-00 00:00:00'),(212,78,25,'0000-00-00 00:00:00','0000-00-00 00:00:00'),(213,79,25,'0000-00-00 00:00:00','0000-00-00 00:00:00'),(214,120,25,'0000-00-00 00:00:00','0000-00-00 00:00:00'),(215,140,25,'0000-00-00 00:00:00','0000-00-00 00:00:00'),(216,210,25,'0000-00-00 00:00:00','0000-00-00 00:00:00'),(217,252,25,'0000-00-00 00:00:00','0000-00-00 00:00:00'),(218,39,27,'0000-00-00 00:00:00','0000-00-00 00:00:00'),(219,48,27,'0000-00-00 00:00:00','0000-00-00 00:00:00'),(220,67,27,'0000-00-00 00:00:00','0000-00-00 00:00:00'),(221,75,27,'0000-00-00 00:00:00','0000-00-00 00:00:00'),(222,76,27,'0000-00-00 00:00:00','0000-00-00 00:00:00'),(223,86,27,'0000-00-00 00:00:00','0000-00-00 00:00:00'),(224,127,27,'0000-00-00 00:00:00','0000-00-00 00:00:00'),(225,128,27,'0000-00-00 00:00:00','0000-00-00 00:00:00'),(226,179,27,'0000-00-00 00:00:00','0000-00-00 00:00:00'),(227,180,27,'0000-00-00 00:00:00','0000-00-00 00:00:00'),(228,181,27,'0000-00-00 00:00:00','0000-00-00 00:00:00'),(229,183,27,'0000-00-00 00:00:00','0000-00-00 00:00:00'),(230,191,27,'0000-00-00 00:00:00','0000-00-00 00:00:00'),(231,198,27,'0000-00-00 00:00:00','0000-00-00 00:00:00'),(232,199,27,'0000-00-00 00:00:00','0000-00-00 00:00:00'),(233,200,27,'0000-00-00 00:00:00','0000-00-00 00:00:00'),(234,201,27,'0000-00-00 00:00:00','0000-00-00 00:00:00'),(235,202,27,'0000-00-00 00:00:00','0000-00-00 00:00:00'),(236,203,27,'0000-00-00 00:00:00','0000-00-00 00:00:00'),(237,204,27,'0000-00-00 00:00:00','0000-00-00 00:00:00'),(238,208,27,'0000-00-00 00:00:00','0000-00-00 00:00:00'),(239,225,27,'0000-00-00 00:00:00','0000-00-00 00:00:00'),(240,237,27,'0000-00-00 00:00:00','0000-00-00 00:00:00'),(241,240,27,'0000-00-00 00:00:00','0000-00-00 00:00:00'),(242,241,27,'0000-00-00 00:00:00','0000-00-00 00:00:00'),(243,41,32,'0000-00-00 00:00:00','0000-00-00 00:00:00'),(244,101,32,'0000-00-00 00:00:00','0000-00-00 00:00:00'),(245,102,32,'0000-00-00 00:00:00','0000-00-00 00:00:00'),(246,167,37,'0000-00-00 00:00:00','0000-00-00 00:00:00'),(247,174,37,'0000-00-00 00:00:00','0000-00-00 00:00:00'),(248,84,38,'0000-00-00 00:00:00','0000-00-00 00:00:00'),(249,100,38,'0000-00-00 00:00:00','0000-00-00 00:00:00'),(250,108,38,'0000-00-00 00:00:00','0000-00-00 00:00:00'),(251,238,38,'0000-00-00 00:00:00','0000-00-00 00:00:00'),(252,83,40,'0000-00-00 00:00:00','0000-00-00 00:00:00'),(253,85,40,'0000-00-00 00:00:00','0000-00-00 00:00:00'),(254,149,41,'0000-00-00 00:00:00','0000-00-00 00:00:00');
/*!40000 ALTER TABLE "categorizations" ENABLE KEYS */;
UNLOCK TABLES;

--
-- Table structure for table "channels"
--

DROP TABLE IF EXISTS "channels";
/*!40101 SET @saved_cs_client     = @@character_set_client */;
/*!40101 SET character_set_client = utf8 */;
CREATE TABLE "channels" (
  "id" int(11) NOT NULL,
  "name" varchar(255) COLLATE utf8_unicode_ci DEFAULT NULL,
  "description" text COLLATE utf8_unicode_ci,
  "created_at" datetime NOT NULL,
  "updated_at" datetime NOT NULL,
  PRIMARY KEY ("id")
);
/*!40101 SET character_set_client = @saved_cs_client */;

--
-- Dumping data for table "channels"
--

LOCK TABLES "channels" WRITE;
/*!40000 ALTER TABLE "channels" DISABLE KEYS */;
INSERT INTO "channels" VALUES (1,'Mobile',NULL,'2012-11-02 00:26:45','2012-11-02 00:26:45'),(2,'Online',NULL,'2012-11-02 00:26:45','2012-11-02 00:26:45'),(3,'Pop up',NULL,'2012-11-02 00:26:45','2012-11-02 00:26:45'),(4,'Shop in shop',NULL,'2012-11-02 00:26:45','2012-11-02 00:26:45'),(5,'Shop/Environment',NULL,'2012-11-02 00:26:45','2012-11-02 00:26:45');
/*!40000 ALTER TABLE "channels" ENABLE KEYS */;
UNLOCK TABLES;

--
-- Table structure for table "countries"
--

DROP TABLE IF EXISTS "countries";
/*!40101 SET @saved_cs_client     = @@character_set_client */;
/*!40101 SET character_set_client = utf8 */;
CREATE TABLE "countries" (
  "id" int(11) NOT NULL,
  "name" varchar(255) COLLATE utf8_unicode_ci DEFAULT NULL,
  "desc" text COLLATE utf8_unicode_ci,
  "created_at" datetime NOT NULL,
  "updated_at" datetime NOT NULL,
  PRIMARY KEY ("id")
);
/*!40101 SET character_set_client = @saved_cs_client */;

--
-- Dumping data for table "countries"
--

LOCK TABLES "countries" WRITE;
/*!40000 ALTER TABLE "countries" DISABLE KEYS */;
INSERT INTO "countries" VALUES (1,'England',NULL,'2012-11-02 00:26:43','2012-11-02 00:26:43'),(2,'France',NULL,'2012-11-02 00:26:43','2012-11-02 00:26:43'),(3,'Germany',NULL,'2012-11-02 00:26:43','2012-11-02 00:26:43'),(4,'Italy',NULL,'2012-11-02 00:26:43','2012-11-02 00:26:43'),(5,'Poland',NULL,'2012-11-02 00:26:43','2012-11-02 00:26:43'),(6,'Scotland',NULL,'2012-11-02 00:26:43','2012-11-02 00:26:43'),(7,'Spain',NULL,'2012-11-02 00:26:43','2012-11-02 00:26:43'),(8,'Wales',NULL,'2012-11-02 00:26:43','2012-11-02 00:26:43');
/*!40000 ALTER TABLE "countries" ENABLE KEYS */;
UNLOCK TABLES;

--
-- Table structure for table "environment_types"
--

DROP TABLE IF EXISTS "environment_types";
/*!40101 SET @saved_cs_client     = @@character_set_client */;
/*!40101 SET character_set_client = utf8 */;
CREATE TABLE "environment_types" (
  "id" int(11) NOT NULL,
  "name" varchar(255) COLLATE utf8_unicode_ci DEFAULT NULL,
  "description" varchar(255) COLLATE utf8_unicode_ci DEFAULT NULL,
  "created_at" datetime NOT NULL,
  "updated_at" datetime NOT NULL,
  PRIMARY KEY ("id")
);
/*!40101 SET character_set_client = @saved_cs_client */;

--
-- Dumping data for table "environment_types"
--

LOCK TABLES "environment_types" WRITE;
/*!40000 ALTER TABLE "environment_types" DISABLE KEYS */;
INSERT INTO "environment_types" VALUES (1,'Retail park',NULL,'2012-11-02 00:26:47','2012-11-02 00:26:47'),(2,'Shopping Street',NULL,'2012-11-02 00:26:47','2012-11-02 00:26:47'),(3,'Pedestrianised area',NULL,'2012-11-02 00:26:47','2012-11-02 00:26:47'),(4,'Online',NULL,'2012-11-02 00:26:47','2012-11-02 00:26:47');
/*!40000 ALTER TABLE "environment_types" ENABLE KEYS */;
UNLOCK TABLES;

--
-- Table structure for table "locations"
--

DROP TABLE IF EXISTS "locations";
/*!40101 SET @saved_cs_client     = @@character_set_client */;
/*!40101 SET character_set_client = utf8 */;
CREATE TABLE "locations" (
  "id" int(11) NOT NULL,
  "name" varchar(255) COLLATE utf8_unicode_ci DEFAULT NULL,
  "country_id" int(11) DEFAULT NULL,
  "description" text COLLATE utf8_unicode_ci,
  "created_at" datetime NOT NULL,
  "updated_at" datetime NOT NULL,
  PRIMARY KEY ("id"),
  KEY "index_locations_on_country_id" ("country_id")
);
/*!40101 SET character_set_client = @saved_cs_client */;

--
-- Dumping data for table "locations"
--

LOCK TABLES "locations" WRITE;
/*!40000 ALTER TABLE "locations" DISABLE KEYS */;
INSERT INTO "locations" VALUES (1,'Ayelsbury',1,NULL,'2012-11-02 00:26:52','2012-11-02 00:26:52'),(2,'London',1,NULL,'2012-11-02 00:26:52','2012-11-02 00:26:52');
/*!40000 ALTER TABLE "locations" ENABLE KEYS */;
UNLOCK TABLES;

--
-- Table structure for table "media_locations"
--

DROP TABLE IF EXISTS "media_locations";
/*!40101 SET @saved_cs_client     = @@character_set_client */;
/*!40101 SET character_set_client = utf8 */;
CREATE TABLE "media_locations" (
  "id" int(11) NOT NULL,
  "name" varchar(255) COLLATE utf8_unicode_ci DEFAULT NULL,
  "description" text COLLATE utf8_unicode_ci,
  "created_at" datetime NOT NULL,
  "updated_at" datetime NOT NULL,
  PRIMARY KEY ("id")
);
/*!40101 SET character_set_client = @saved_cs_client */;

--
-- Dumping data for table "media_locations"
--

LOCK TABLES "media_locations" WRITE;
/*!40000 ALTER TABLE "media_locations" DISABLE KEYS */;
INSERT INTO "media_locations" VALUES (1,'In category',NULL,'2012-11-02 00:26:46','2012-11-02 00:26:46'),(2,'Out of category (common parts)',NULL,'2012-11-02 00:26:46','2012-11-02 00:26:46'),(3,'Out of store (eg carpark)',NULL,'2012-11-02 00:26:46','2012-11-02 00:26:46'),(4,'Checkout',NULL,'2012-11-02 00:26:46','2012-11-02 00:26:46'),(5,'Online',NULL,'2012-11-02 00:26:46','2012-11-02 00:26:46'),(6,'Mobile',NULL,'2012-11-02 00:26:46','2012-11-02 00:26:46');
/*!40000 ALTER TABLE "media_locations" ENABLE KEYS */;
UNLOCK TABLES;

--
-- Table structure for table "media_types"
--

DROP TABLE IF EXISTS "media_types";
/*!40101 SET @saved_cs_client     = @@character_set_client */;
/*!40101 SET character_set_client = utf8 */;
CREATE TABLE "media_types" (
  "id" int(11) NOT NULL,
  "name" varchar(255) COLLATE utf8_unicode_ci DEFAULT NULL,
  "description" text COLLATE utf8_unicode_ci,
  "created_at" datetime NOT NULL,
  "updated_at" datetime NOT NULL,
  PRIMARY KEY ("id")
);
/*!40101 SET character_set_client = @saved_cs_client */;

--
-- Dumping data for table "media_types"
--

LOCK TABLES "media_types" WRITE;
/*!40000 ALTER TABLE "media_types" DISABLE KEYS */;
INSERT INTO "media_types" VALUES (1,'Wobblers',NULL,'2012-11-02 00:26:46','2012-11-02 00:26:46'),(2,'Web page',NULL,'2012-11-02 00:26:46','2012-11-02 00:26:46'),(3,'Staff clothing/apparel',NULL,'2012-11-02 00:26:46','2012-11-02 00:26:46'),(4,'Signage, Fascia',NULL,'2012-11-02 00:26:46','2012-11-02 00:26:46'),(5,'Shelf edge',NULL,'2012-11-02 00:26:46','2012-11-02 00:26:46'),(6,'Shelf barker/bus stop',NULL,'2012-11-02 00:26:46','2012-11-02 00:26:46'),(7,'Sampling',NULL,'2012-11-02 00:26:46','2012-11-02 00:26:46'),(8,'Poster',NULL,'2012-11-02 00:26:46','2012-11-02 00:26:46'),(9,'On pack',NULL,'2012-11-02 00:26:46','2012-11-02 00:26:46'),(10,'Literature',NULL,'2012-11-02 00:26:46','2012-11-02 00:26:46'),(11,'Hanging banner',NULL,'2012-11-02 00:26:46','2012-11-02 00:26:46'),(12,'Gondola end',NULL,'2012-11-02 00:26:46','2012-11-02 00:26:46'),(13,'General Category, context',NULL,'2012-11-02 00:26:46','2012-11-02 00:26:46'),(14,'FSDU',NULL,'2012-11-02 00:26:46','2012-11-02 00:26:46'),(15,'Floor media',NULL,'2012-11-02 00:26:46','2012-11-02 00:26:46'),(16,'Digital, scanning, screen',NULL,'2012-11-02 00:26:46','2012-11-02 00:26:46'),(17,'Cash till',NULL,'2012-11-02 00:26:46','2012-11-02 00:26:46'),(18,'Dump/product bin',NULL,'2012-11-02 00:26:46','2012-11-02 00:26:46'),(19,'Secondary packaging',NULL,'2012-11-02 00:26:46','2012-11-02 00:26:46'),(20,'Parasitic hanger, clip strip',NULL,'2012-11-02 00:26:46','2012-11-02 00:26:46'),(21,'Bulk shipper',NULL,'2012-11-02 00:26:46','2012-11-02 00:26:46'),(22,'A frame/freestanding poster',NULL,'2012-11-02 00:26:46','2012-11-02 00:26:46'),(23,'Pole sleeve',NULL,'2012-11-02 00:26:46','2012-11-02 00:26:46'),(24,'Trolley media',NULL,'2012-11-02 00:26:46','2012-11-02 00:26:46');
/*!40000 ALTER TABLE "media_types" ENABLE KEYS */;
UNLOCK TABLES;

--
-- Table structure for table "media_vehicles"
--

DROP TABLE IF EXISTS "media_vehicles";
/*!40101 SET @saved_cs_client     = @@character_set_client */;
/*!40101 SET character_set_client = utf8 */;
CREATE TABLE "media_vehicles" (
  "id" int(11) NOT NULL,
  "name" varchar(255) COLLATE utf8_unicode_ci DEFAULT NULL,
  "description" text COLLATE utf8_unicode_ci,
  "created_at" datetime NOT NULL,
  "updated_at" datetime NOT NULL,
  PRIMARY KEY ("id")
);
/*!40101 SET character_set_client = @saved_cs_client */;

--
-- Dumping data for table "media_vehicles"
--

LOCK TABLES "media_vehicles" WRITE;
/*!40000 ALTER TABLE "media_vehicles" DISABLE KEYS */;
INSERT INTO "media_vehicles" VALUES (1,'2D (printed message)',NULL,'2012-11-02 00:26:46','2012-11-02 00:26:46'),(2,'Scanning (QR, other)',NULL,'2012-11-02 00:26:46','2012-11-02 00:26:46'),(3,'Projected image (hologram)',NULL,'2012-11-02 00:26:46','2012-11-02 00:26:46'),(4,'Other (name)',NULL,'2012-11-02 00:26:46','2012-11-02 00:26:46');
/*!40000 ALTER TABLE "media_vehicles" ENABLE KEYS */;
UNLOCK TABLES;

--
-- Table structure for table "medialocations"
--

DROP TABLE IF EXISTS "medialocations";
/*!40101 SET @saved_cs_client     = @@character_set_client */;
/*!40101 SET character_set_client = utf8 */;
CREATE TABLE "medialocations" (
  "id" int(11) NOT NULL,
  "photo_id" int(11) DEFAULT NULL,
  "media_location_id" int(11) DEFAULT NULL,
  "created_at" datetime NOT NULL,
  "updated_at" datetime NOT NULL,
  PRIMARY KEY ("id")
);
/*!40101 SET character_set_client = @saved_cs_client */;

--
-- Dumping data for table "medialocations"
--

LOCK TABLES "medialocations" WRITE;
/*!40000 ALTER TABLE "medialocations" DISABLE KEYS */;
INSERT INTO "medialocations" VALUES (1,30,1,'0000-00-00 00:00:00','0000-00-00 00:00:00'),(2,31,1,'0000-00-00 00:00:00','0000-00-00 00:00:00'),(3,32,1,'0000-00-00 00:00:00','0000-00-00 00:00:00'),(4,33,1,'0000-00-00 00:00:00','0000-00-00 00:00:00'),(5,35,1,'0000-00-00 00:00:00','0000-00-00 00:00:00'),(6,36,1,'0000-00-00 00:00:00','0000-00-00 00:00:00'),(7,38,1,'0000-00-00 00:00:00','0000-00-00 00:00:00'),(8,41,1,'0000-00-00 00:00:00','0000-00-00 00:00:00'),(9,42,1,'0000-00-00 00:00:00','0000-00-00 00:00:00'),(10,43,1,'0000-00-00 00:00:00','0000-00-00 00:00:00'),(11,44,1,'0000-00-00 00:00:00','0000-00-00 00:00:00'),(12,45,1,'0000-00-00 00:00:00','0000-00-00 00:00:00'),(13,46,1,'0000-00-00 00:00:00','0000-00-00 00:00:00'),(14,47,1,'0000-00-00 00:00:00','0000-00-00 00:00:00'),(15,48,1,'0000-00-00 00:00:00','0000-00-00 00:00:00'),(16,49,1,'0000-00-00 00:00:00','0000-00-00 00:00:00'),(17,50,1,'0000-00-00 00:00:00','0000-00-00 00:00:00'),(18,51,1,'0000-00-00 00:00:00','0000-00-00 00:00:00'),(19,52,1,'0000-00-00 00:00:00','0000-00-00 00:00:00'),(20,53,1,'0000-00-00 00:00:00','0000-00-00 00:00:00'),(21,54,1,'0000-00-00 00:00:00','0000-00-00 00:00:00'),(22,55,1,'0000-00-00 00:00:00','0000-00-00 00:00:00'),(23,56,1,'0000-00-00 00:00:00','0000-00-00 00:00:00'),(24,57,1,'0000-00-00 00:00:00','0000-00-00 00:00:00'),(25,58,1,'0000-00-00 00:00:00','0000-00-00 00:00:00'),(26,61,1,'0000-00-00 00:00:00','0000-00-00 00:00:00'),(27,63,1,'0000-00-00 00:00:00','0000-00-00 00:00:00'),(28,64,1,'0000-00-00 00:00:00','0000-00-00 00:00:00'),(29,65,1,'0000-00-00 00:00:00','0000-00-00 00:00:00'),(30,66,1,'0000-00-00 00:00:00','0000-00-00 00:00:00'),(31,67,1,'0000-00-00 00:00:00','0000-00-00 00:00:00'),(32,68,1,'0000-00-00 00:00:00','0000-00-00 00:00:00'),(33,69,1,'0000-00-00 00:00:00','0000-00-00 00:00:00'),(34,70,1,'0000-00-00 00:00:00','0000-00-00 00:00:00'),(35,71,1,'0000-00-00 00:00:00','0000-00-00 00:00:00'),(36,72,1,'0000-00-00 00:00:00','0000-00-00 00:00:00'),(37,73,1,'0000-00-00 00:00:00','0000-00-00 00:00:00'),(38,74,1,'0000-00-00 00:00:00','0000-00-00 00:00:00'),(39,75,1,'0000-00-00 00:00:00','0000-00-00 00:00:00'),(40,76,1,'0000-00-00 00:00:00','0000-00-00 00:00:00'),(41,77,1,'0000-00-00 00:00:00','0000-00-00 00:00:00'),(42,78,1,'0000-00-00 00:00:00','0000-00-00 00:00:00'),(43,79,1,'0000-00-00 00:00:00','0000-00-00 00:00:00'),(44,80,1,'0000-00-00 00:00:00','0000-00-00 00:00:00'),(45,82,1,'0000-00-00 00:00:00','0000-00-00 00:00:00'),(46,84,1,'0000-00-00 00:00:00','0000-00-00 00:00:00'),(47,85,1,'0000-00-00 00:00:00','0000-00-00 00:00:00'),(48,87,1,'0000-00-00 00:00:00','0000-00-00 00:00:00'),(49,88,1,'0000-00-00 00:00:00','0000-00-00 00:00:00'),(50,89,1,'0000-00-00 00:00:00','0000-00-00 00:00:00'),(51,90,1,'0000-00-00 00:00:00','0000-00-00 00:00:00'),(52,91,1,'0000-00-00 00:00:00','0000-00-00 00:00:00'),(53,92,1,'0000-00-00 00:00:00','0000-00-00 00:00:00'),(54,93,1,'0000-00-00 00:00:00','0000-00-00 00:00:00'),(55,94,1,'0000-00-00 00:00:00','0000-00-00 00:00:00'),(56,95,1,'0000-00-00 00:00:00','0000-00-00 00:00:00'),(57,96,1,'0000-00-00 00:00:00','0000-00-00 00:00:00'),(58,97,1,'0000-00-00 00:00:00','0000-00-00 00:00:00'),(59,98,1,'0000-00-00 00:00:00','0000-00-00 00:00:00'),(60,99,1,'0000-00-00 00:00:00','0000-00-00 00:00:00'),(61,100,1,'0000-00-00 00:00:00','0000-00-00 00:00:00'),(62,101,1,'0000-00-00 00:00:00','0000-00-00 00:00:00'),(63,102,1,'0000-00-00 00:00:00','0000-00-00 00:00:00'),(64,103,1,'0000-00-00 00:00:00','0000-00-00 00:00:00'),(65,104,1,'0000-00-00 00:00:00','0000-00-00 00:00:00'),(66,106,1,'0000-00-00 00:00:00','0000-00-00 00:00:00'),(67,107,1,'0000-00-00 00:00:00','0000-00-00 00:00:00'),(68,113,1,'0000-00-00 00:00:00','0000-00-00 00:00:00'),(69,114,1,'0000-00-00 00:00:00','0000-00-00 00:00:00'),(70,115,1,'0000-00-00 00:00:00','0000-00-00 00:00:00'),(71,116,1,'0000-00-00 00:00:00','0000-00-00 00:00:00'),(72,117,1,'0000-00-00 00:00:00','0000-00-00 00:00:00'),(73,118,1,'0000-00-00 00:00:00','0000-00-00 00:00:00'),(74,119,1,'0000-00-00 00:00:00','0000-00-00 00:00:00'),(75,120,1,'0000-00-00 00:00:00','0000-00-00 00:00:00'),(76,121,1,'0000-00-00 00:00:00','0000-00-00 00:00:00'),(77,122,1,'0000-00-00 00:00:00','0000-00-00 00:00:00'),(78,124,1,'0000-00-00 00:00:00','0000-00-00 00:00:00'),(79,125,1,'0000-00-00 00:00:00','0000-00-00 00:00:00'),(80,126,1,'0000-00-00 00:00:00','0000-00-00 00:00:00'),(81,127,1,'0000-00-00 00:00:00','0000-00-00 00:00:00'),(82,128,1,'0000-00-00 00:00:00','0000-00-00 00:00:00'),(83,129,1,'0000-00-00 00:00:00','0000-00-00 00:00:00'),(84,130,1,'0000-00-00 00:00:00','0000-00-00 00:00:00'),(85,131,1,'0000-00-00 00:00:00','0000-00-00 00:00:00'),(86,134,1,'0000-00-00 00:00:00','0000-00-00 00:00:00'),(87,135,1,'0000-00-00 00:00:00','0000-00-00 00:00:00'),(88,137,1,'0000-00-00 00:00:00','0000-00-00 00:00:00'),(89,138,1,'0000-00-00 00:00:00','0000-00-00 00:00:00'),(90,139,1,'0000-00-00 00:00:00','0000-00-00 00:00:00'),(91,140,1,'0000-00-00 00:00:00','0000-00-00 00:00:00'),(92,141,1,'0000-00-00 00:00:00','0000-00-00 00:00:00'),(93,142,1,'0000-00-00 00:00:00','0000-00-00 00:00:00'),(94,143,1,'0000-00-00 00:00:00','0000-00-00 00:00:00'),(95,144,1,'0000-00-00 00:00:00','0000-00-00 00:00:00'),(96,145,1,'0000-00-00 00:00:00','0000-00-00 00:00:00'),(97,147,1,'0000-00-00 00:00:00','0000-00-00 00:00:00'),(98,148,1,'0000-00-00 00:00:00','0000-00-00 00:00:00'),(99,151,1,'0000-00-00 00:00:00','0000-00-00 00:00:00'),(100,152,1,'0000-00-00 00:00:00','0000-00-00 00:00:00'),(101,153,1,'0000-00-00 00:00:00','0000-00-00 00:00:00'),(102,155,1,'0000-00-00 00:00:00','0000-00-00 00:00:00'),(103,156,1,'0000-00-00 00:00:00','0000-00-00 00:00:00'),(104,157,1,'0000-00-00 00:00:00','0000-00-00 00:00:00'),(105,158,1,'0000-00-00 00:00:00','0000-00-00 00:00:00'),(106,159,1,'0000-00-00 00:00:00','0000-00-00 00:00:00'),(107,160,1,'0000-00-00 00:00:00','0000-00-00 00:00:00'),(108,161,1,'0000-00-00 00:00:00','0000-00-00 00:00:00'),(109,162,1,'0000-00-00 00:00:00','0000-00-00 00:00:00'),(110,163,1,'0000-00-00 00:00:00','0000-00-00 00:00:00'),(111,164,1,'0000-00-00 00:00:00','0000-00-00 00:00:00'),(112,165,1,'0000-00-00 00:00:00','0000-00-00 00:00:00'),(113,166,1,'0000-00-00 00:00:00','0000-00-00 00:00:00'),(114,167,1,'0000-00-00 00:00:00','0000-00-00 00:00:00'),(115,168,1,'0000-00-00 00:00:00','0000-00-00 00:00:00'),(116,169,1,'0000-00-00 00:00:00','0000-00-00 00:00:00'),(117,170,1,'0000-00-00 00:00:00','0000-00-00 00:00:00'),(118,171,1,'0000-00-00 00:00:00','0000-00-00 00:00:00'),(119,172,1,'0000-00-00 00:00:00','0000-00-00 00:00:00'),(120,173,1,'0000-00-00 00:00:00','0000-00-00 00:00:00'),(121,174,1,'0000-00-00 00:00:00','0000-00-00 00:00:00'),(122,175,1,'0000-00-00 00:00:00','0000-00-00 00:00:00'),(123,176,1,'0000-00-00 00:00:00','0000-00-00 00:00:00'),(124,177,1,'0000-00-00 00:00:00','0000-00-00 00:00:00'),(125,178,1,'0000-00-00 00:00:00','0000-00-00 00:00:00'),(126,179,1,'0000-00-00 00:00:00','0000-00-00 00:00:00'),(127,180,1,'0000-00-00 00:00:00','0000-00-00 00:00:00'),(128,181,1,'0000-00-00 00:00:00','0000-00-00 00:00:00'),(129,182,1,'0000-00-00 00:00:00','0000-00-00 00:00:00'),(130,183,1,'0000-00-00 00:00:00','0000-00-00 00:00:00'),(131,184,1,'0000-00-00 00:00:00','0000-00-00 00:00:00'),(132,185,1,'0000-00-00 00:00:00','0000-00-00 00:00:00'),(133,186,1,'0000-00-00 00:00:00','0000-00-00 00:00:00'),(134,187,1,'0000-00-00 00:00:00','0000-00-00 00:00:00'),(135,188,1,'0000-00-00 00:00:00','0000-00-00 00:00:00'),(136,190,1,'0000-00-00 00:00:00','0000-00-00 00:00:00'),(137,194,1,'0000-00-00 00:00:00','0000-00-00 00:00:00'),(138,195,1,'0000-00-00 00:00:00','0000-00-00 00:00:00'),(139,196,1,'0000-00-00 00:00:00','0000-00-00 00:00:00'),(140,197,1,'0000-00-00 00:00:00','0000-00-00 00:00:00'),(141,198,1,'0000-00-00 00:00:00','0000-00-00 00:00:00'),(142,199,1,'0000-00-00 00:00:00','0000-00-00 00:00:00'),(143,200,1,'0000-00-00 00:00:00','0000-00-00 00:00:00'),(144,201,1,'0000-00-00 00:00:00','0000-00-00 00:00:00'),(145,202,1,'0000-00-00 00:00:00','0000-00-00 00:00:00'),(146,203,1,'0000-00-00 00:00:00','0000-00-00 00:00:00'),(147,204,1,'0000-00-00 00:00:00','0000-00-00 00:00:00'),(148,205,1,'0000-00-00 00:00:00','0000-00-00 00:00:00'),(149,206,1,'0000-00-00 00:00:00','0000-00-00 00:00:00'),(150,207,1,'0000-00-00 00:00:00','0000-00-00 00:00:00'),(151,208,1,'0000-00-00 00:00:00','0000-00-00 00:00:00'),(152,209,1,'0000-00-00 00:00:00','0000-00-00 00:00:00'),(153,211,1,'0000-00-00 00:00:00','0000-00-00 00:00:00'),(154,212,1,'0000-00-00 00:00:00','0000-00-00 00:00:00'),(155,213,1,'0000-00-00 00:00:00','0000-00-00 00:00:00'),(156,214,1,'0000-00-00 00:00:00','0000-00-00 00:00:00'),(157,215,1,'0000-00-00 00:00:00','0000-00-00 00:00:00'),(158,216,1,'0000-00-00 00:00:00','0000-00-00 00:00:00'),(159,217,1,'0000-00-00 00:00:00','0000-00-00 00:00:00'),(160,218,1,'0000-00-00 00:00:00','0000-00-00 00:00:00'),(161,219,1,'0000-00-00 00:00:00','0000-00-00 00:00:00'),(162,220,1,'0000-00-00 00:00:00','0000-00-00 00:00:00'),(163,221,1,'0000-00-00 00:00:00','0000-00-00 00:00:00'),(164,222,1,'0000-00-00 00:00:00','0000-00-00 00:00:00'),(165,223,1,'0000-00-00 00:00:00','0000-00-00 00:00:00'),(166,225,1,'0000-00-00 00:00:00','0000-00-00 00:00:00'),(167,228,1,'0000-00-00 00:00:00','0000-00-00 00:00:00'),(168,234,1,'0000-00-00 00:00:00','0000-00-00 00:00:00'),(169,235,1,'0000-00-00 00:00:00','0000-00-00 00:00:00'),(170,241,1,'0000-00-00 00:00:00','0000-00-00 00:00:00'),(171,242,1,'0000-00-00 00:00:00','0000-00-00 00:00:00'),(172,243,1,'0000-00-00 00:00:00','0000-00-00 00:00:00'),(173,245,1,'0000-00-00 00:00:00','0000-00-00 00:00:00'),(174,246,1,'0000-00-00 00:00:00','0000-00-00 00:00:00'),(175,247,1,'0000-00-00 00:00:00','0000-00-00 00:00:00'),(176,248,1,'0000-00-00 00:00:00','0000-00-00 00:00:00'),(177,249,1,'0000-00-00 00:00:00','0000-00-00 00:00:00'),(178,250,1,'0000-00-00 00:00:00','0000-00-00 00:00:00'),(179,251,1,'0000-00-00 00:00:00','0000-00-00 00:00:00'),(180,254,1,'0000-00-00 00:00:00','0000-00-00 00:00:00'),(181,255,1,'0000-00-00 00:00:00','0000-00-00 00:00:00'),(182,256,1,'0000-00-00 00:00:00','0000-00-00 00:00:00'),(183,257,1,'0000-00-00 00:00:00','0000-00-00 00:00:00'),(184,258,1,'0000-00-00 00:00:00','0000-00-00 00:00:00'),(185,259,1,'0000-00-00 00:00:00','0000-00-00 00:00:00'),(186,260,1,'0000-00-00 00:00:00','0000-00-00 00:00:00'),(187,261,1,'0000-00-00 00:00:00','0000-00-00 00:00:00'),(188,262,1,'0000-00-00 00:00:00','0000-00-00 00:00:00'),(189,263,1,'0000-00-00 00:00:00','0000-00-00 00:00:00'),(190,264,1,'0000-00-00 00:00:00','0000-00-00 00:00:00'),(191,266,1,'0000-00-00 00:00:00','0000-00-00 00:00:00'),(192,267,1,'0000-00-00 00:00:00','0000-00-00 00:00:00'),(193,268,1,'0000-00-00 00:00:00','0000-00-00 00:00:00'),(194,269,1,'0000-00-00 00:00:00','0000-00-00 00:00:00'),(195,272,1,'0000-00-00 00:00:00','0000-00-00 00:00:00'),(196,273,1,'0000-00-00 00:00:00','0000-00-00 00:00:00'),(197,274,1,'0000-00-00 00:00:00','0000-00-00 00:00:00'),(198,275,1,'0000-00-00 00:00:00','0000-00-00 00:00:00'),(199,276,1,'0000-00-00 00:00:00','0000-00-00 00:00:00'),(200,277,1,'0000-00-00 00:00:00','0000-00-00 00:00:00'),(201,278,1,'0000-00-00 00:00:00','0000-00-00 00:00:00'),(202,279,1,'0000-00-00 00:00:00','0000-00-00 00:00:00'),(203,280,1,'0000-00-00 00:00:00','0000-00-00 00:00:00'),(204,282,1,'0000-00-00 00:00:00','0000-00-00 00:00:00'),(205,283,1,'0000-00-00 00:00:00','0000-00-00 00:00:00'),(206,284,1,'0000-00-00 00:00:00','0000-00-00 00:00:00'),(207,285,1,'0000-00-00 00:00:00','0000-00-00 00:00:00'),(208,29,2,'0000-00-00 00:00:00','0000-00-00 00:00:00'),(209,37,2,'0000-00-00 00:00:00','0000-00-00 00:00:00'),(210,39,2,'0000-00-00 00:00:00','0000-00-00 00:00:00'),(211,40,2,'0000-00-00 00:00:00','0000-00-00 00:00:00'),(212,59,2,'0000-00-00 00:00:00','0000-00-00 00:00:00'),(213,86,2,'0000-00-00 00:00:00','0000-00-00 00:00:00'),(214,105,2,'0000-00-00 00:00:00','0000-00-00 00:00:00'),(215,108,2,'0000-00-00 00:00:00','0000-00-00 00:00:00'),(216,112,2,'0000-00-00 00:00:00','0000-00-00 00:00:00'),(217,123,2,'0000-00-00 00:00:00','0000-00-00 00:00:00'),(218,132,2,'0000-00-00 00:00:00','0000-00-00 00:00:00'),(219,133,2,'0000-00-00 00:00:00','0000-00-00 00:00:00'),(220,136,2,'0000-00-00 00:00:00','0000-00-00 00:00:00'),(221,146,2,'0000-00-00 00:00:00','0000-00-00 00:00:00'),(222,149,2,'0000-00-00 00:00:00','0000-00-00 00:00:00'),(223,150,2,'0000-00-00 00:00:00','0000-00-00 00:00:00'),(224,154,2,'0000-00-00 00:00:00','0000-00-00 00:00:00'),(225,189,2,'0000-00-00 00:00:00','0000-00-00 00:00:00'),(226,192,2,'0000-00-00 00:00:00','0000-00-00 00:00:00'),(227,193,2,'0000-00-00 00:00:00','0000-00-00 00:00:00'),(228,210,2,'0000-00-00 00:00:00','0000-00-00 00:00:00'),(229,224,2,'0000-00-00 00:00:00','0000-00-00 00:00:00'),(230,226,2,'0000-00-00 00:00:00','0000-00-00 00:00:00'),(231,227,2,'0000-00-00 00:00:00','0000-00-00 00:00:00'),(232,236,2,'0000-00-00 00:00:00','0000-00-00 00:00:00'),(233,237,2,'0000-00-00 00:00:00','0000-00-00 00:00:00'),(234,240,2,'0000-00-00 00:00:00','0000-00-00 00:00:00'),(235,244,2,'0000-00-00 00:00:00','0000-00-00 00:00:00'),(236,252,2,'0000-00-00 00:00:00','0000-00-00 00:00:00'),(237,253,2,'0000-00-00 00:00:00','0000-00-00 00:00:00'),(238,270,2,'0000-00-00 00:00:00','0000-00-00 00:00:00'),(239,271,2,'0000-00-00 00:00:00','0000-00-00 00:00:00'),(240,281,2,'0000-00-00 00:00:00','0000-00-00 00:00:00'),(241,81,3,'0000-00-00 00:00:00','0000-00-00 00:00:00'),(242,83,3,'0000-00-00 00:00:00','0000-00-00 00:00:00'),(243,109,3,'0000-00-00 00:00:00','0000-00-00 00:00:00'),(244,110,3,'0000-00-00 00:00:00','0000-00-00 00:00:00'),(245,111,3,'0000-00-00 00:00:00','0000-00-00 00:00:00'),(246,60,4,'0000-00-00 00:00:00','0000-00-00 00:00:00'),(247,191,4,'0000-00-00 00:00:00','0000-00-00 00:00:00'),(248,238,4,'0000-00-00 00:00:00','0000-00-00 00:00:00'),(249,239,4,'0000-00-00 00:00:00','0000-00-00 00:00:00');
/*!40000 ALTER TABLE "medialocations" ENABLE KEYS */;
UNLOCK TABLES;

--
-- Table structure for table "mediatypes"
--

DROP TABLE IF EXISTS "mediatypes";
/*!40101 SET @saved_cs_client     = @@character_set_client */;
/*!40101 SET character_set_client = utf8 */;
CREATE TABLE "mediatypes" (
  "id" int(11) NOT NULL,
  "photo_id" int(11) DEFAULT NULL,
  "media_type_id" int(11) DEFAULT NULL,
  "created_at" datetime NOT NULL,
  "updated_at" datetime NOT NULL,
  PRIMARY KEY ("id")
);
/*!40101 SET character_set_client = @saved_cs_client */;

--
-- Dumping data for table "mediatypes"
--

LOCK TABLES "mediatypes" WRITE;
/*!40000 ALTER TABLE "mediatypes" DISABLE KEYS */;
INSERT INTO "mediatypes" VALUES (1,152,NULL,'0000-00-00 00:00:00','0000-00-00 00:00:00'),(2,153,NULL,'0000-00-00 00:00:00','0000-00-00 00:00:00'),(3,156,NULL,'0000-00-00 00:00:00','0000-00-00 00:00:00'),(4,191,NULL,'0000-00-00 00:00:00','0000-00-00 00:00:00'),(5,196,NULL,'0000-00-00 00:00:00','0000-00-00 00:00:00'),(6,200,NULL,'0000-00-00 00:00:00','0000-00-00 00:00:00'),(7,272,NULL,'0000-00-00 00:00:00','0000-00-00 00:00:00'),(8,41,1,'0000-00-00 00:00:00','0000-00-00 00:00:00'),(9,44,1,'0000-00-00 00:00:00','0000-00-00 00:00:00'),(10,66,1,'0000-00-00 00:00:00','0000-00-00 00:00:00'),(12,110,4,'0000-00-00 00:00:00','0000-00-00 00:00:00'),(13,30,5,'0000-00-00 00:00:00','0000-00-00 00:00:00'),(14,31,5,'0000-00-00 00:00:00','0000-00-00 00:00:00'),(15,35,5,'0000-00-00 00:00:00','0000-00-00 00:00:00'),(16,36,5,'0000-00-00 00:00:00','0000-00-00 00:00:00'),(17,42,5,'0000-00-00 00:00:00','0000-00-00 00:00:00'),(18,43,5,'0000-00-00 00:00:00','0000-00-00 00:00:00'),(19,57,5,'0000-00-00 00:00:00','0000-00-00 00:00:00'),(20,69,5,'0000-00-00 00:00:00','0000-00-00 00:00:00'),(21,82,5,'0000-00-00 00:00:00','0000-00-00 00:00:00'),(22,94,5,'0000-00-00 00:00:00','0000-00-00 00:00:00'),(23,95,5,'0000-00-00 00:00:00','0000-00-00 00:00:00'),(24,96,5,'0000-00-00 00:00:00','0000-00-00 00:00:00'),(25,99,5,'0000-00-00 00:00:00','0000-00-00 00:00:00'),(26,102,5,'0000-00-00 00:00:00','0000-00-00 00:00:00'),(27,103,5,'0000-00-00 00:00:00','0000-00-00 00:00:00'),(28,106,5,'0000-00-00 00:00:00','0000-00-00 00:00:00'),(29,122,5,'0000-00-00 00:00:00','0000-00-00 00:00:00'),(30,126,5,'0000-00-00 00:00:00','0000-00-00 00:00:00'),(31,127,5,'0000-00-00 00:00:00','0000-00-00 00:00:00'),(32,128,5,'0000-00-00 00:00:00','0000-00-00 00:00:00'),(33,129,5,'0000-00-00 00:00:00','0000-00-00 00:00:00'),(34,132,5,'0000-00-00 00:00:00','0000-00-00 00:00:00'),(35,134,5,'0000-00-00 00:00:00','0000-00-00 00:00:00'),(36,135,5,'0000-00-00 00:00:00','0000-00-00 00:00:00'),(37,147,5,'0000-00-00 00:00:00','0000-00-00 00:00:00'),(38,151,5,'0000-00-00 00:00:00','0000-00-00 00:00:00'),(39,158,5,'0000-00-00 00:00:00','0000-00-00 00:00:00'),(40,161,5,'0000-00-00 00:00:00','0000-00-00 00:00:00'),(41,163,5,'0000-00-00 00:00:00','0000-00-00 00:00:00'),(42,182,5,'0000-00-00 00:00:00','0000-00-00 00:00:00'),(43,201,5,'0000-00-00 00:00:00','0000-00-00 00:00:00'),(44,202,5,'0000-00-00 00:00:00','0000-00-00 00:00:00'),(45,213,5,'0000-00-00 00:00:00','0000-00-00 00:00:00'),(46,228,5,'0000-00-00 00:00:00','0000-00-00 00:00:00'),(47,235,5,'0000-00-00 00:00:00','0000-00-00 00:00:00'),(48,246,5,'0000-00-00 00:00:00','0000-00-00 00:00:00'),(49,247,5,'0000-00-00 00:00:00','0000-00-00 00:00:00'),(50,248,5,'0000-00-00 00:00:00','0000-00-00 00:00:00'),(51,254,5,'0000-00-00 00:00:00','0000-00-00 00:00:00'),(52,255,5,'0000-00-00 00:00:00','0000-00-00 00:00:00'),(53,256,5,'0000-00-00 00:00:00','0000-00-00 00:00:00'),(54,257,5,'0000-00-00 00:00:00','0000-00-00 00:00:00'),(55,259,5,'0000-00-00 00:00:00','0000-00-00 00:00:00'),(56,260,5,'0000-00-00 00:00:00','0000-00-00 00:00:00'),(57,266,5,'0000-00-00 00:00:00','0000-00-00 00:00:00'),(58,284,5,'0000-00-00 00:00:00','0000-00-00 00:00:00'),(59,64,6,'0000-00-00 00:00:00','0000-00-00 00:00:00'),(60,65,6,'0000-00-00 00:00:00','0000-00-00 00:00:00'),(61,67,6,'0000-00-00 00:00:00','0000-00-00 00:00:00'),(62,71,6,'0000-00-00 00:00:00','0000-00-00 00:00:00'),(63,72,6,'0000-00-00 00:00:00','0000-00-00 00:00:00'),(64,75,6,'0000-00-00 00:00:00','0000-00-00 00:00:00'),(65,76,6,'0000-00-00 00:00:00','0000-00-00 00:00:00'),(66,77,6,'0000-00-00 00:00:00','0000-00-00 00:00:00'),(67,88,6,'0000-00-00 00:00:00','0000-00-00 00:00:00'),(68,89,6,'0000-00-00 00:00:00','0000-00-00 00:00:00'),(69,90,6,'0000-00-00 00:00:00','0000-00-00 00:00:00'),(70,91,6,'0000-00-00 00:00:00','0000-00-00 00:00:00'),(71,92,6,'0000-00-00 00:00:00','0000-00-00 00:00:00'),(72,93,6,'0000-00-00 00:00:00','0000-00-00 00:00:00'),(73,98,6,'0000-00-00 00:00:00','0000-00-00 00:00:00'),(74,118,6,'0000-00-00 00:00:00','0000-00-00 00:00:00'),(75,119,6,'0000-00-00 00:00:00','0000-00-00 00:00:00'),(76,120,6,'0000-00-00 00:00:00','0000-00-00 00:00:00'),(77,121,6,'0000-00-00 00:00:00','0000-00-00 00:00:00'),(78,131,6,'0000-00-00 00:00:00','0000-00-00 00:00:00'),(79,157,6,'0000-00-00 00:00:00','0000-00-00 00:00:00'),(80,159,6,'0000-00-00 00:00:00','0000-00-00 00:00:00'),(81,164,6,'0000-00-00 00:00:00','0000-00-00 00:00:00'),(82,165,6,'0000-00-00 00:00:00','0000-00-00 00:00:00'),(83,169,6,'0000-00-00 00:00:00','0000-00-00 00:00:00'),(84,170,6,'0000-00-00 00:00:00','0000-00-00 00:00:00'),(85,171,6,'0000-00-00 00:00:00','0000-00-00 00:00:00'),(86,172,6,'0000-00-00 00:00:00','0000-00-00 00:00:00'),(87,173,6,'0000-00-00 00:00:00','0000-00-00 00:00:00'),(88,174,6,'0000-00-00 00:00:00','0000-00-00 00:00:00'),(89,175,6,'0000-00-00 00:00:00','0000-00-00 00:00:00'),(90,176,6,'0000-00-00 00:00:00','0000-00-00 00:00:00'),(91,177,6,'0000-00-00 00:00:00','0000-00-00 00:00:00'),(92,179,6,'0000-00-00 00:00:00','0000-00-00 00:00:00'),(93,181,6,'0000-00-00 00:00:00','0000-00-00 00:00:00'),(94,183,6,'0000-00-00 00:00:00','0000-00-00 00:00:00'),(95,184,6,'0000-00-00 00:00:00','0000-00-00 00:00:00'),(96,185,6,'0000-00-00 00:00:00','0000-00-00 00:00:00'),(97,186,6,'0000-00-00 00:00:00','0000-00-00 00:00:00'),(98,187,6,'0000-00-00 00:00:00','0000-00-00 00:00:00'),(99,188,6,'0000-00-00 00:00:00','0000-00-00 00:00:00'),(100,195,6,'0000-00-00 00:00:00','0000-00-00 00:00:00'),(101,197,6,'0000-00-00 00:00:00','0000-00-00 00:00:00'),(102,199,6,'0000-00-00 00:00:00','0000-00-00 00:00:00'),(103,208,6,'0000-00-00 00:00:00','0000-00-00 00:00:00'),(104,218,6,'0000-00-00 00:00:00','0000-00-00 00:00:00'),(105,221,6,'0000-00-00 00:00:00','0000-00-00 00:00:00'),(106,222,6,'0000-00-00 00:00:00','0000-00-00 00:00:00'),(107,234,6,'0000-00-00 00:00:00','0000-00-00 00:00:00'),(108,249,6,'0000-00-00 00:00:00','0000-00-00 00:00:00'),(109,261,6,'0000-00-00 00:00:00','0000-00-00 00:00:00'),(110,267,6,'0000-00-00 00:00:00','0000-00-00 00:00:00'),(111,277,6,'0000-00-00 00:00:00','0000-00-00 00:00:00'),(112,285,6,'0000-00-00 00:00:00','0000-00-00 00:00:00'),(113,56,8,'0000-00-00 00:00:00','0000-00-00 00:00:00'),(114,59,8,'0000-00-00 00:00:00','0000-00-00 00:00:00'),(115,73,8,'0000-00-00 00:00:00','0000-00-00 00:00:00'),(116,74,8,'0000-00-00 00:00:00','0000-00-00 00:00:00'),(117,80,8,'0000-00-00 00:00:00','0000-00-00 00:00:00'),(118,86,8,'0000-00-00 00:00:00','0000-00-00 00:00:00'),(119,113,8,'0000-00-00 00:00:00','0000-00-00 00:00:00'),(120,114,8,'0000-00-00 00:00:00','0000-00-00 00:00:00'),(121,115,8,'0000-00-00 00:00:00','0000-00-00 00:00:00'),(122,146,8,'0000-00-00 00:00:00','0000-00-00 00:00:00'),(123,180,8,'0000-00-00 00:00:00','0000-00-00 00:00:00'),(124,190,8,'0000-00-00 00:00:00','0000-00-00 00:00:00'),(125,239,8,'0000-00-00 00:00:00','0000-00-00 00:00:00'),(126,32,9,'0000-00-00 00:00:00','0000-00-00 00:00:00'),(127,206,9,'0000-00-00 00:00:00','0000-00-00 00:00:00'),(128,207,9,'0000-00-00 00:00:00','0000-00-00 00:00:00'),(129,220,9,'0000-00-00 00:00:00','0000-00-00 00:00:00'),(130,238,10,'0000-00-00 00:00:00','0000-00-00 00:00:00'),(131,258,10,'0000-00-00 00:00:00','0000-00-00 00:00:00'),(132,33,11,'0000-00-00 00:00:00','0000-00-00 00:00:00'),(133,37,11,'0000-00-00 00:00:00','0000-00-00 00:00:00'),(134,40,11,'0000-00-00 00:00:00','0000-00-00 00:00:00'),(135,45,11,'0000-00-00 00:00:00','0000-00-00 00:00:00'),(136,49,11,'0000-00-00 00:00:00','0000-00-00 00:00:00'),(137,50,11,'0000-00-00 00:00:00','0000-00-00 00:00:00'),(138,51,11,'0000-00-00 00:00:00','0000-00-00 00:00:00'),(139,52,11,'0000-00-00 00:00:00','0000-00-00 00:00:00'),(140,54,11,'0000-00-00 00:00:00','0000-00-00 00:00:00'),(141,55,11,'0000-00-00 00:00:00','0000-00-00 00:00:00'),(142,60,11,'0000-00-00 00:00:00','0000-00-00 00:00:00'),(143,61,11,'0000-00-00 00:00:00','0000-00-00 00:00:00'),(144,68,11,'0000-00-00 00:00:00','0000-00-00 00:00:00'),(145,70,11,'0000-00-00 00:00:00','0000-00-00 00:00:00'),(146,85,11,'0000-00-00 00:00:00','0000-00-00 00:00:00'),(147,116,11,'0000-00-00 00:00:00','0000-00-00 00:00:00'),(148,117,11,'0000-00-00 00:00:00','0000-00-00 00:00:00'),(149,124,11,'0000-00-00 00:00:00','0000-00-00 00:00:00'),(150,125,11,'0000-00-00 00:00:00','0000-00-00 00:00:00'),(151,143,11,'0000-00-00 00:00:00','0000-00-00 00:00:00'),(152,194,11,'0000-00-00 00:00:00','0000-00-00 00:00:00'),(153,242,11,'0000-00-00 00:00:00','0000-00-00 00:00:00'),(154,243,11,'0000-00-00 00:00:00','0000-00-00 00:00:00'),(155,262,11,'0000-00-00 00:00:00','0000-00-00 00:00:00'),(156,270,11,'0000-00-00 00:00:00','0000-00-00 00:00:00'),(157,271,11,'0000-00-00 00:00:00','0000-00-00 00:00:00'),(158,276,11,'0000-00-00 00:00:00','0000-00-00 00:00:00'),(159,278,11,'0000-00-00 00:00:00','0000-00-00 00:00:00'),(160,282,11,'0000-00-00 00:00:00','0000-00-00 00:00:00'),(161,139,12,'0000-00-00 00:00:00','0000-00-00 00:00:00'),(162,140,12,'0000-00-00 00:00:00','0000-00-00 00:00:00'),(163,144,12,'0000-00-00 00:00:00','0000-00-00 00:00:00'),(164,148,12,'0000-00-00 00:00:00','0000-00-00 00:00:00'),(165,155,12,'0000-00-00 00:00:00','0000-00-00 00:00:00'),(166,162,12,'0000-00-00 00:00:00','0000-00-00 00:00:00'),(167,167,12,'0000-00-00 00:00:00','0000-00-00 00:00:00'),(168,193,12,'0000-00-00 00:00:00','0000-00-00 00:00:00'),(169,198,12,'0000-00-00 00:00:00','0000-00-00 00:00:00'),(170,204,12,'0000-00-00 00:00:00','0000-00-00 00:00:00'),(171,205,12,'0000-00-00 00:00:00','0000-00-00 00:00:00'),(172,209,12,'0000-00-00 00:00:00','0000-00-00 00:00:00'),(173,214,12,'0000-00-00 00:00:00','0000-00-00 00:00:00'),(174,241,12,'0000-00-00 00:00:00','0000-00-00 00:00:00'),(175,245,12,'0000-00-00 00:00:00','0000-00-00 00:00:00'),(176,251,12,'0000-00-00 00:00:00','0000-00-00 00:00:00'),(177,252,12,'0000-00-00 00:00:00','0000-00-00 00:00:00'),(178,253,12,'0000-00-00 00:00:00','0000-00-00 00:00:00'),(179,263,12,'0000-00-00 00:00:00','0000-00-00 00:00:00'),(180,275,12,'0000-00-00 00:00:00','0000-00-00 00:00:00'),(181,38,13,'0000-00-00 00:00:00','0000-00-00 00:00:00'),(182,46,13,'0000-00-00 00:00:00','0000-00-00 00:00:00'),(183,47,13,'0000-00-00 00:00:00','0000-00-00 00:00:00'),(184,48,13,'0000-00-00 00:00:00','0000-00-00 00:00:00'),(185,58,13,'0000-00-00 00:00:00','0000-00-00 00:00:00'),(186,81,13,'0000-00-00 00:00:00','0000-00-00 00:00:00'),(187,83,13,'0000-00-00 00:00:00','0000-00-00 00:00:00'),(188,87,13,'0000-00-00 00:00:00','0000-00-00 00:00:00'),(189,109,13,'0000-00-00 00:00:00','0000-00-00 00:00:00'),(190,268,13,'0000-00-00 00:00:00','0000-00-00 00:00:00'),(191,273,13,'0000-00-00 00:00:00','0000-00-00 00:00:00'),(192,279,13,'0000-00-00 00:00:00','0000-00-00 00:00:00'),(193,78,14,'0000-00-00 00:00:00','0000-00-00 00:00:00'),(194,79,14,'0000-00-00 00:00:00','0000-00-00 00:00:00'),(195,84,14,'0000-00-00 00:00:00','0000-00-00 00:00:00'),(196,97,14,'0000-00-00 00:00:00','0000-00-00 00:00:00'),(197,100,14,'0000-00-00 00:00:00','0000-00-00 00:00:00'),(198,130,14,'0000-00-00 00:00:00','0000-00-00 00:00:00'),(199,133,14,'0000-00-00 00:00:00','0000-00-00 00:00:00'),(200,137,14,'0000-00-00 00:00:00','0000-00-00 00:00:00'),(201,145,14,'0000-00-00 00:00:00','0000-00-00 00:00:00'),(202,154,14,'0000-00-00 00:00:00','0000-00-00 00:00:00'),(203,160,14,'0000-00-00 00:00:00','0000-00-00 00:00:00'),(204,168,14,'0000-00-00 00:00:00','0000-00-00 00:00:00'),(205,178,14,'0000-00-00 00:00:00','0000-00-00 00:00:00'),(206,189,14,'0000-00-00 00:00:00','0000-00-00 00:00:00'),(207,203,14,'0000-00-00 00:00:00','0000-00-00 00:00:00'),(208,212,14,'0000-00-00 00:00:00','0000-00-00 00:00:00'),(209,215,14,'0000-00-00 00:00:00','0000-00-00 00:00:00'),(210,217,14,'0000-00-00 00:00:00','0000-00-00 00:00:00'),(211,223,14,'0000-00-00 00:00:00','0000-00-00 00:00:00'),(212,237,14,'0000-00-00 00:00:00','0000-00-00 00:00:00'),(213,269,14,'0000-00-00 00:00:00','0000-00-00 00:00:00'),(214,274,14,'0000-00-00 00:00:00','0000-00-00 00:00:00'),(215,280,14,'0000-00-00 00:00:00','0000-00-00 00:00:00'),(216,281,14,'0000-00-00 00:00:00','0000-00-00 00:00:00'),(217,53,18,'0000-00-00 00:00:00','0000-00-00 00:00:00'),(218,141,18,'0000-00-00 00:00:00','0000-00-00 00:00:00'),(219,142,18,'0000-00-00 00:00:00','0000-00-00 00:00:00'),(220,244,18,'0000-00-00 00:00:00','0000-00-00 00:00:00'),(221,283,18,'0000-00-00 00:00:00','0000-00-00 00:00:00'),(222,219,19,'0000-00-00 00:00:00','0000-00-00 00:00:00'),(223,250,19,'0000-00-00 00:00:00','0000-00-00 00:00:00'),(224,136,20,'0000-00-00 00:00:00','0000-00-00 00:00:00'),(225,149,20,'0000-00-00 00:00:00','0000-00-00 00:00:00'),(226,150,20,'0000-00-00 00:00:00','0000-00-00 00:00:00'),(227,192,20,'0000-00-00 00:00:00','0000-00-00 00:00:00'),(228,210,20,'0000-00-00 00:00:00','0000-00-00 00:00:00'),(229,224,20,'0000-00-00 00:00:00','0000-00-00 00:00:00'),(230,264,20,'0000-00-00 00:00:00','0000-00-00 00:00:00'),(231,29,21,'0000-00-00 00:00:00','0000-00-00 00:00:00'),(232,39,21,'0000-00-00 00:00:00','0000-00-00 00:00:00'),(233,112,21,'0000-00-00 00:00:00','0000-00-00 00:00:00'),(234,123,21,'0000-00-00 00:00:00','0000-00-00 00:00:00'),(235,138,21,'0000-00-00 00:00:00','0000-00-00 00:00:00'),(236,166,21,'0000-00-00 00:00:00','0000-00-00 00:00:00'),(237,211,21,'0000-00-00 00:00:00','0000-00-00 00:00:00'),(238,216,21,'0000-00-00 00:00:00','0000-00-00 00:00:00'),(239,225,21,'0000-00-00 00:00:00','0000-00-00 00:00:00'),(240,226,21,'0000-00-00 00:00:00','0000-00-00 00:00:00'),(241,227,21,'0000-00-00 00:00:00','0000-00-00 00:00:00'),(242,236,21,'0000-00-00 00:00:00','0000-00-00 00:00:00'),(243,240,21,'0000-00-00 00:00:00','0000-00-00 00:00:00'),(244,63,22,'0000-00-00 00:00:00','0000-00-00 00:00:00'),(245,101,22,'0000-00-00 00:00:00','0000-00-00 00:00:00'),(246,104,22,'0000-00-00 00:00:00','0000-00-00 00:00:00'),(247,105,22,'0000-00-00 00:00:00','0000-00-00 00:00:00'),(248,107,22,'0000-00-00 00:00:00','0000-00-00 00:00:00'),(249,108,22,'0000-00-00 00:00:00','0000-00-00 00:00:00'),(250,111,22,'0000-00-00 00:00:00','0000-00-00 00:00:00');
/*!40000 ALTER TABLE "mediatypes" ENABLE KEYS */;
UNLOCK TABLES;

--
-- Table structure for table "mediavehicles"
--

DROP TABLE IF EXISTS "mediavehicles";
/*!40101 SET @saved_cs_client     = @@character_set_client */;
/*!40101 SET character_set_client = utf8 */;
CREATE TABLE "mediavehicles" (
  "id" int(11) NOT NULL,
  "photo_id" int(11) DEFAULT NULL,
  "media_vehicle_id" int(11) DEFAULT NULL,
  "created_at" datetime NOT NULL,
  "updated_at" datetime NOT NULL,
  PRIMARY KEY ("id")
);
/*!40101 SET character_set_client = @saved_cs_client */;

--
-- Dumping data for table "mediavehicles"
--

LOCK TABLES "mediavehicles" WRITE;
/*!40000 ALTER TABLE "mediavehicles" DISABLE KEYS */;
INSERT INTO "mediavehicles" VALUES (1,84,NULL,'0000-00-00 00:00:00','0000-00-00 00:00:00'),(2,85,NULL,'0000-00-00 00:00:00','0000-00-00 00:00:00'),(3,156,NULL,'0000-00-00 00:00:00','0000-00-00 00:00:00'),(4,196,NULL,'0000-00-00 00:00:00','0000-00-00 00:00:00'),(5,272,NULL,'0000-00-00 00:00:00','0000-00-00 00:00:00'),(6,29,1,'0000-00-00 00:00:00','0000-00-00 00:00:00'),(7,30,1,'0000-00-00 00:00:00','0000-00-00 00:00:00'),(8,31,1,'0000-00-00 00:00:00','0000-00-00 00:00:00'),(9,32,1,'0000-00-00 00:00:00','0000-00-00 00:00:00'),(10,33,1,'0000-00-00 00:00:00','0000-00-00 00:00:00'),(11,35,1,'0000-00-00 00:00:00','0000-00-00 00:00:00'),(12,36,1,'0000-00-00 00:00:00','0000-00-00 00:00:00'),(13,37,1,'0000-00-00 00:00:00','0000-00-00 00:00:00'),(14,38,1,'0000-00-00 00:00:00','0000-00-00 00:00:00'),(15,39,1,'0000-00-00 00:00:00','0000-00-00 00:00:00'),(16,40,1,'0000-00-00 00:00:00','0000-00-00 00:00:00'),(17,41,1,'0000-00-00 00:00:00','0000-00-00 00:00:00'),(18,42,1,'0000-00-00 00:00:00','0000-00-00 00:00:00'),(19,43,1,'0000-00-00 00:00:00','0000-00-00 00:00:00'),(20,44,1,'0000-00-00 00:00:00','0000-00-00 00:00:00'),(21,45,1,'0000-00-00 00:00:00','0000-00-00 00:00:00'),(22,46,1,'0000-00-00 00:00:00','0000-00-00 00:00:00'),(23,47,1,'0000-00-00 00:00:00','0000-00-00 00:00:00'),(24,48,1,'0000-00-00 00:00:00','0000-00-00 00:00:00'),(25,49,1,'0000-00-00 00:00:00','0000-00-00 00:00:00'),(26,50,1,'0000-00-00 00:00:00','0000-00-00 00:00:00'),(27,51,1,'0000-00-00 00:00:00','0000-00-00 00:00:00'),(28,52,1,'0000-00-00 00:00:00','0000-00-00 00:00:00'),(29,53,1,'0000-00-00 00:00:00','0000-00-00 00:00:00'),(30,54,1,'0000-00-00 00:00:00','0000-00-00 00:00:00'),(31,55,1,'0000-00-00 00:00:00','0000-00-00 00:00:00'),(32,56,1,'0000-00-00 00:00:00','0000-00-00 00:00:00'),(33,57,1,'0000-00-00 00:00:00','0000-00-00 00:00:00'),(34,58,1,'0000-00-00 00:00:00','0000-00-00 00:00:00'),(35,59,1,'0000-00-00 00:00:00','0000-00-00 00:00:00'),(36,60,1,'0000-00-00 00:00:00','0000-00-00 00:00:00'),(37,61,1,'0000-00-00 00:00:00','0000-00-00 00:00:00'),(38,63,1,'0000-00-00 00:00:00','0000-00-00 00:00:00'),(39,64,1,'0000-00-00 00:00:00','0000-00-00 00:00:00'),(40,65,1,'0000-00-00 00:00:00','0000-00-00 00:00:00'),(41,66,1,'0000-00-00 00:00:00','0000-00-00 00:00:00'),(42,67,1,'0000-00-00 00:00:00','0000-00-00 00:00:00'),(43,68,1,'0000-00-00 00:00:00','0000-00-00 00:00:00'),(44,69,1,'0000-00-00 00:00:00','0000-00-00 00:00:00'),(45,70,1,'0000-00-00 00:00:00','0000-00-00 00:00:00'),(46,71,1,'0000-00-00 00:00:00','0000-00-00 00:00:00'),(47,72,1,'0000-00-00 00:00:00','0000-00-00 00:00:00'),(48,73,1,'0000-00-00 00:00:00','0000-00-00 00:00:00'),(49,74,1,'0000-00-00 00:00:00','0000-00-00 00:00:00'),(50,75,1,'0000-00-00 00:00:00','0000-00-00 00:00:00'),(51,76,1,'0000-00-00 00:00:00','0000-00-00 00:00:00'),(52,77,1,'0000-00-00 00:00:00','0000-00-00 00:00:00'),(53,78,1,'0000-00-00 00:00:00','0000-00-00 00:00:00'),(54,79,1,'0000-00-00 00:00:00','0000-00-00 00:00:00'),(55,80,1,'0000-00-00 00:00:00','0000-00-00 00:00:00'),(56,81,1,'0000-00-00 00:00:00','0000-00-00 00:00:00'),(57,82,1,'0000-00-00 00:00:00','0000-00-00 00:00:00'),(58,83,1,'0000-00-00 00:00:00','0000-00-00 00:00:00'),(59,86,1,'0000-00-00 00:00:00','0000-00-00 00:00:00'),(60,87,1,'0000-00-00 00:00:00','0000-00-00 00:00:00'),(61,88,1,'0000-00-00 00:00:00','0000-00-00 00:00:00'),(62,89,1,'0000-00-00 00:00:00','0000-00-00 00:00:00'),(63,90,1,'0000-00-00 00:00:00','0000-00-00 00:00:00'),(64,91,1,'0000-00-00 00:00:00','0000-00-00 00:00:00'),(65,92,1,'0000-00-00 00:00:00','0000-00-00 00:00:00'),(66,93,1,'0000-00-00 00:00:00','0000-00-00 00:00:00'),(67,94,1,'0000-00-00 00:00:00','0000-00-00 00:00:00'),(68,95,1,'0000-00-00 00:00:00','0000-00-00 00:00:00'),(69,96,1,'0000-00-00 00:00:00','0000-00-00 00:00:00'),(70,97,1,'0000-00-00 00:00:00','0000-00-00 00:00:00'),(71,98,1,'0000-00-00 00:00:00','0000-00-00 00:00:00'),(72,99,1,'0000-00-00 00:00:00','0000-00-00 00:00:00'),(73,100,1,'0000-00-00 00:00:00','0000-00-00 00:00:00'),(74,101,1,'0000-00-00 00:00:00','0000-00-00 00:00:00'),(75,102,1,'0000-00-00 00:00:00','0000-00-00 00:00:00'),(76,103,1,'0000-00-00 00:00:00','0000-00-00 00:00:00'),(77,104,1,'0000-00-00 00:00:00','0000-00-00 00:00:00'),(78,105,1,'0000-00-00 00:00:00','0000-00-00 00:00:00'),(79,106,1,'0000-00-00 00:00:00','0000-00-00 00:00:00'),(80,107,1,'0000-00-00 00:00:00','0000-00-00 00:00:00'),(81,108,1,'0000-00-00 00:00:00','0000-00-00 00:00:00'),(82,109,1,'0000-00-00 00:00:00','0000-00-00 00:00:00'),(83,110,1,'0000-00-00 00:00:00','0000-00-00 00:00:00'),(84,111,1,'0000-00-00 00:00:00','0000-00-00 00:00:00'),(85,112,1,'0000-00-00 00:00:00','0000-00-00 00:00:00'),(86,113,1,'0000-00-00 00:00:00','0000-00-00 00:00:00'),(87,114,1,'0000-00-00 00:00:00','0000-00-00 00:00:00'),(88,115,1,'0000-00-00 00:00:00','0000-00-00 00:00:00'),(89,116,1,'0000-00-00 00:00:00','0000-00-00 00:00:00'),(90,117,1,'0000-00-00 00:00:00','0000-00-00 00:00:00'),(91,118,1,'0000-00-00 00:00:00','0000-00-00 00:00:00'),(92,119,1,'0000-00-00 00:00:00','0000-00-00 00:00:00'),(93,120,1,'0000-00-00 00:00:00','0000-00-00 00:00:00'),(94,121,1,'0000-00-00 00:00:00','0000-00-00 00:00:00'),(95,122,1,'0000-00-00 00:00:00','0000-00-00 00:00:00'),(96,123,1,'0000-00-00 00:00:00','0000-00-00 00:00:00'),(97,124,1,'0000-00-00 00:00:00','0000-00-00 00:00:00'),(98,125,1,'0000-00-00 00:00:00','0000-00-00 00:00:00'),(99,126,1,'0000-00-00 00:00:00','0000-00-00 00:00:00'),(100,127,1,'0000-00-00 00:00:00','0000-00-00 00:00:00'),(101,128,1,'0000-00-00 00:00:00','0000-00-00 00:00:00'),(102,129,1,'0000-00-00 00:00:00','0000-00-00 00:00:00'),(103,130,1,'0000-00-00 00:00:00','0000-00-00 00:00:00'),(104,131,1,'0000-00-00 00:00:00','0000-00-00 00:00:00'),(105,132,1,'0000-00-00 00:00:00','0000-00-00 00:00:00'),(106,133,1,'0000-00-00 00:00:00','0000-00-00 00:00:00'),(107,134,1,'0000-00-00 00:00:00','0000-00-00 00:00:00'),(108,135,1,'0000-00-00 00:00:00','0000-00-00 00:00:00'),(109,136,1,'0000-00-00 00:00:00','0000-00-00 00:00:00'),(110,137,1,'0000-00-00 00:00:00','0000-00-00 00:00:00'),(111,138,1,'0000-00-00 00:00:00','0000-00-00 00:00:00'),(112,139,1,'0000-00-00 00:00:00','0000-00-00 00:00:00'),(113,140,1,'0000-00-00 00:00:00','0000-00-00 00:00:00'),(114,141,1,'0000-00-00 00:00:00','0000-00-00 00:00:00'),(115,142,1,'0000-00-00 00:00:00','0000-00-00 00:00:00'),(116,143,1,'0000-00-00 00:00:00','0000-00-00 00:00:00'),(117,144,1,'0000-00-00 00:00:00','0000-00-00 00:00:00'),(118,145,1,'0000-00-00 00:00:00','0000-00-00 00:00:00'),(119,146,1,'0000-00-00 00:00:00','0000-00-00 00:00:00'),(120,147,1,'0000-00-00 00:00:00','0000-00-00 00:00:00'),(121,148,1,'0000-00-00 00:00:00','0000-00-00 00:00:00'),(122,149,1,'0000-00-00 00:00:00','0000-00-00 00:00:00'),(123,150,1,'0000-00-00 00:00:00','0000-00-00 00:00:00'),(124,151,1,'0000-00-00 00:00:00','0000-00-00 00:00:00'),(125,152,1,'0000-00-00 00:00:00','0000-00-00 00:00:00'),(126,153,1,'0000-00-00 00:00:00','0000-00-00 00:00:00'),(127,154,1,'0000-00-00 00:00:00','0000-00-00 00:00:00'),(128,155,1,'0000-00-00 00:00:00','0000-00-00 00:00:00'),(129,157,1,'0000-00-00 00:00:00','0000-00-00 00:00:00'),(130,158,1,'0000-00-00 00:00:00','0000-00-00 00:00:00'),(131,159,1,'0000-00-00 00:00:00','0000-00-00 00:00:00'),(132,160,1,'0000-00-00 00:00:00','0000-00-00 00:00:00'),(133,161,1,'0000-00-00 00:00:00','0000-00-00 00:00:00'),(134,162,1,'0000-00-00 00:00:00','0000-00-00 00:00:00'),(135,163,1,'0000-00-00 00:00:00','0000-00-00 00:00:00'),(136,164,1,'0000-00-00 00:00:00','0000-00-00 00:00:00'),(137,165,1,'0000-00-00 00:00:00','0000-00-00 00:00:00'),(138,166,1,'0000-00-00 00:00:00','0000-00-00 00:00:00'),(139,167,1,'0000-00-00 00:00:00','0000-00-00 00:00:00'),(140,168,1,'0000-00-00 00:00:00','0000-00-00 00:00:00'),(141,169,1,'0000-00-00 00:00:00','0000-00-00 00:00:00'),(142,170,1,'0000-00-00 00:00:00','0000-00-00 00:00:00'),(143,171,1,'0000-00-00 00:00:00','0000-00-00 00:00:00'),(144,172,1,'0000-00-00 00:00:00','0000-00-00 00:00:00'),(145,173,1,'0000-00-00 00:00:00','0000-00-00 00:00:00'),(146,174,1,'0000-00-00 00:00:00','0000-00-00 00:00:00'),(147,175,1,'0000-00-00 00:00:00','0000-00-00 00:00:00'),(148,176,1,'0000-00-00 00:00:00','0000-00-00 00:00:00'),(149,177,1,'0000-00-00 00:00:00','0000-00-00 00:00:00'),(150,178,1,'0000-00-00 00:00:00','0000-00-00 00:00:00'),(151,179,1,'0000-00-00 00:00:00','0000-00-00 00:00:00'),(152,180,1,'0000-00-00 00:00:00','0000-00-00 00:00:00'),(153,181,1,'0000-00-00 00:00:00','0000-00-00 00:00:00'),(154,182,1,'0000-00-00 00:00:00','0000-00-00 00:00:00'),(155,183,1,'0000-00-00 00:00:00','0000-00-00 00:00:00'),(156,184,1,'0000-00-00 00:00:00','0000-00-00 00:00:00'),(157,185,1,'0000-00-00 00:00:00','0000-00-00 00:00:00'),(158,186,1,'0000-00-00 00:00:00','0000-00-00 00:00:00'),(159,187,1,'0000-00-00 00:00:00','0000-00-00 00:00:00'),(160,188,1,'0000-00-00 00:00:00','0000-00-00 00:00:00'),(161,189,1,'0000-00-00 00:00:00','0000-00-00 00:00:00'),(162,190,1,'0000-00-00 00:00:00','0000-00-00 00:00:00'),(163,191,1,'0000-00-00 00:00:00','0000-00-00 00:00:00'),(164,192,1,'0000-00-00 00:00:00','0000-00-00 00:00:00'),(165,193,1,'0000-00-00 00:00:00','0000-00-00 00:00:00'),(166,194,1,'0000-00-00 00:00:00','0000-00-00 00:00:00'),(167,195,1,'0000-00-00 00:00:00','0000-00-00 00:00:00'),(168,197,1,'0000-00-00 00:00:00','0000-00-00 00:00:00'),(169,198,1,'0000-00-00 00:00:00','0000-00-00 00:00:00'),(170,199,1,'0000-00-00 00:00:00','0000-00-00 00:00:00'),(171,200,1,'0000-00-00 00:00:00','0000-00-00 00:00:00'),(172,201,1,'0000-00-00 00:00:00','0000-00-00 00:00:00'),(173,202,1,'0000-00-00 00:00:00','0000-00-00 00:00:00'),(174,203,1,'0000-00-00 00:00:00','0000-00-00 00:00:00'),(175,204,1,'0000-00-00 00:00:00','0000-00-00 00:00:00'),(176,205,1,'0000-00-00 00:00:00','0000-00-00 00:00:00'),(177,206,1,'0000-00-00 00:00:00','0000-00-00 00:00:00'),(178,207,1,'0000-00-00 00:00:00','0000-00-00 00:00:00'),(179,208,1,'0000-00-00 00:00:00','0000-00-00 00:00:00'),(180,209,1,'0000-00-00 00:00:00','0000-00-00 00:00:00'),(181,210,1,'0000-00-00 00:00:00','0000-00-00 00:00:00'),(182,211,1,'0000-00-00 00:00:00','0000-00-00 00:00:00'),(183,212,1,'0000-00-00 00:00:00','0000-00-00 00:00:00'),(184,213,1,'0000-00-00 00:00:00','0000-00-00 00:00:00'),(185,214,1,'0000-00-00 00:00:00','0000-00-00 00:00:00'),(186,215,1,'0000-00-00 00:00:00','0000-00-00 00:00:00'),(187,216,1,'0000-00-00 00:00:00','0000-00-00 00:00:00'),(188,217,1,'0000-00-00 00:00:00','0000-00-00 00:00:00'),(189,218,1,'0000-00-00 00:00:00','0000-00-00 00:00:00'),(190,219,1,'0000-00-00 00:00:00','0000-00-00 00:00:00'),(191,220,1,'0000-00-00 00:00:00','0000-00-00 00:00:00'),(192,221,1,'0000-00-00 00:00:00','0000-00-00 00:00:00'),(193,222,1,'0000-00-00 00:00:00','0000-00-00 00:00:00'),(194,223,1,'0000-00-00 00:00:00','0000-00-00 00:00:00'),(195,224,1,'0000-00-00 00:00:00','0000-00-00 00:00:00'),(196,225,1,'0000-00-00 00:00:00','0000-00-00 00:00:00'),(197,226,1,'0000-00-00 00:00:00','0000-00-00 00:00:00'),(198,227,1,'0000-00-00 00:00:00','0000-00-00 00:00:00'),(199,228,1,'0000-00-00 00:00:00','0000-00-00 00:00:00'),(200,234,1,'0000-00-00 00:00:00','0000-00-00 00:00:00'),(201,235,1,'0000-00-00 00:00:00','0000-00-00 00:00:00'),(202,236,1,'0000-00-00 00:00:00','0000-00-00 00:00:00'),(203,237,1,'0000-00-00 00:00:00','0000-00-00 00:00:00'),(204,238,1,'0000-00-00 00:00:00','0000-00-00 00:00:00'),(205,239,1,'0000-00-00 00:00:00','0000-00-00 00:00:00'),(206,240,1,'0000-00-00 00:00:00','0000-00-00 00:00:00'),(207,241,1,'0000-00-00 00:00:00','0000-00-00 00:00:00'),(208,242,1,'0000-00-00 00:00:00','0000-00-00 00:00:00'),(209,243,1,'0000-00-00 00:00:00','0000-00-00 00:00:00'),(210,244,1,'0000-00-00 00:00:00','0000-00-00 00:00:00'),(211,245,1,'0000-00-00 00:00:00','0000-00-00 00:00:00'),(212,246,1,'0000-00-00 00:00:00','0000-00-00 00:00:00'),(213,247,1,'0000-00-00 00:00:00','0000-00-00 00:00:00'),(214,248,1,'0000-00-00 00:00:00','0000-00-00 00:00:00'),(215,249,1,'0000-00-00 00:00:00','0000-00-00 00:00:00'),(216,250,1,'0000-00-00 00:00:00','0000-00-00 00:00:00'),(217,251,1,'0000-00-00 00:00:00','0000-00-00 00:00:00'),(218,252,1,'0000-00-00 00:00:00','0000-00-00 00:00:00'),(219,253,1,'0000-00-00 00:00:00','0000-00-00 00:00:00'),(220,254,1,'0000-00-00 00:00:00','0000-00-00 00:00:00'),(221,255,1,'0000-00-00 00:00:00','0000-00-00 00:00:00'),(222,256,1,'0000-00-00 00:00:00','0000-00-00 00:00:00'),(223,257,1,'0000-00-00 00:00:00','0000-00-00 00:00:00'),(224,258,1,'0000-00-00 00:00:00','0000-00-00 00:00:00'),(225,259,1,'0000-00-00 00:00:00','0000-00-00 00:00:00'),(226,260,1,'0000-00-00 00:00:00','0000-00-00 00:00:00'),(227,261,1,'0000-00-00 00:00:00','0000-00-00 00:00:00'),(228,262,1,'0000-00-00 00:00:00','0000-00-00 00:00:00'),(229,263,1,'0000-00-00 00:00:00','0000-00-00 00:00:00'),(230,264,1,'0000-00-00 00:00:00','0000-00-00 00:00:00'),(231,266,1,'0000-00-00 00:00:00','0000-00-00 00:00:00'),(232,267,1,'0000-00-00 00:00:00','0000-00-00 00:00:00'),(233,268,1,'0000-00-00 00:00:00','0000-00-00 00:00:00'),(234,269,1,'0000-00-00 00:00:00','0000-00-00 00:00:00'),(235,270,1,'0000-00-00 00:00:00','0000-00-00 00:00:00'),(236,271,1,'0000-00-00 00:00:00','0000-00-00 00:00:00'),(237,274,1,'0000-00-00 00:00:00','0000-00-00 00:00:00'),(238,275,1,'0000-00-00 00:00:00','0000-00-00 00:00:00'),(239,276,1,'0000-00-00 00:00:00','0000-00-00 00:00:00'),(240,277,1,'0000-00-00 00:00:00','0000-00-00 00:00:00'),(241,278,1,'0000-00-00 00:00:00','0000-00-00 00:00:00'),(242,279,1,'0000-00-00 00:00:00','0000-00-00 00:00:00'),(243,280,1,'0000-00-00 00:00:00','0000-00-00 00:00:00'),(244,281,1,'0000-00-00 00:00:00','0000-00-00 00:00:00'),(245,282,1,'0000-00-00 00:00:00','0000-00-00 00:00:00'),(246,283,1,'0000-00-00 00:00:00','0000-00-00 00:00:00'),(247,284,1,'0000-00-00 00:00:00','0000-00-00 00:00:00'),(248,285,1,'0000-00-00 00:00:00','0000-00-00 00:00:00'),(249,273,4,'0000-00-00 00:00:00','0000-00-00 00:00:00');
/*!40000 ALTER TABLE "mediavehicles" ENABLE KEYS */;
UNLOCK TABLES;

--
-- Table structure for table "photos"
--

DROP TABLE IF EXISTS "photos";
/*!40101 SET @saved_cs_client     = @@character_set_client */;
/*!40101 SET character_set_client = utf8 */;
CREATE TABLE "photos" (
  "id" int(11) NOT NULL,
  "brand_id" int(11) DEFAULT NULL,
  "audit_id" int(11) DEFAULT NULL,
  "category_id" int(11) DEFAULT NULL,
  "media_location_id" int(11) DEFAULT NULL,
  "media_vehicle_id" int(11) DEFAULT NULL,
  "media_type_id" int(11) DEFAULT NULL,
  "promotion_type_id" int(11) DEFAULT '0',
  "promotion_calendar_id" int(11) DEFAULT '0',
  "theme_id" int(11) DEFAULT NULL,
  "description" text COLLATE utf8_unicode_ci,
  "created_at" datetime NOT NULL,
  "updated_at" datetime NOT NULL,
  "photo_file_name" varchar(255) COLLATE utf8_unicode_ci DEFAULT NULL,
  "photo_content_type" varchar(255) COLLATE utf8_unicode_ci DEFAULT NULL,
  "photo_file_size" int(11) DEFAULT NULL,
  "photo_updated_at" datetime DEFAULT NULL,
  "additional_brands" varchar(255) COLLATE utf8_unicode_ci DEFAULT NULL,
  "published" tinyint(1) DEFAULT '0',
  "headline" varchar(255) COLLATE utf8_unicode_ci DEFAULT NULL,
  PRIMARY KEY ("id"),
  KEY "index_photos_on_audit_id" ("audit_id"),
  KEY "index_photos_on_brand_id" ("brand_id"),
  KEY "index_photos_on_category_id" ("category_id"),
  KEY "index_photos_on_media_location_id" ("media_location_id"),
  KEY "index_photos_on_media_type_id" ("media_type_id"),
  KEY "index_photos_on_media_vehicle_id" ("media_vehicle_id"),
  KEY "index_photos_on_promotion_calendar_id" ("promotion_calendar_id"),
  KEY "index_photos_on_promotion_type_id" ("promotion_type_id"),
  KEY "index_photos_on_theme_id" ("theme_id")
);
/*!40101 SET character_set_client = @saved_cs_client */;

--
-- Dumping data for table "photos"
--

LOCK TABLES "photos" WRITE;
/*!40000 ALTER TABLE "photos" DISABLE KEYS */;
INSERT INTO "photos" VALUES (29,7,16,8,2,1,21,NULL,NULL,NULL,'Bulk shipper promotes Easter eggs','2012-05-31 00:00:00','2012-11-22 17:08:45','Aldi_Aylesbury_31.5.12-002.JPG','image/jpeg',5542203,'2012-11-22 12:48:57','',1,'99p'),(30,7,16,7,1,1,5,17,NULL,NULL,'Price discount on Grandessa honey','2012-05-31 00:00:00','2012-11-22 17:08:45','Aldi_Aylesbury_31.5.12-003.JPG','image/jpeg',6029468,'2012-11-22 12:49:04','',1,'92p'),(31,7,16,7,1,1,5,17,NULL,NULL,'','2012-05-31 00:00:00','2012-11-22 15:04:58','Aldi_Aylesbury_31.5.12-004.JPG','image/jpeg',5948967,'2012-11-22 13:43:18','',1,'92p'),(32,8,16,7,1,1,9,4,NULL,NULL,'Extra free on-pack promotion','2012-11-22 13:44:00','2012-11-22 17:08:45','Aldi_Aylesbury_31.5.12-008.JPG','image/jpeg',5874397,'2012-11-22 13:43:26','',1,'50% Extra Free'),(33,9,16,7,1,1,11,25,NULL,NULL,'Hanging banner self-promotes Aldi','2012-11-22 13:45:00','2012-11-22 17:08:45','Aldi_Aylesbury_31.5.12-009.JPG','image/jpeg',1663015,'2012-11-22 13:45:05','',1,'Britain Likes Aldi'),(35,10,16,4,1,1,5,17,NULL,NULL,'Shelf edge promotes discount on apple pies','2012-11-22 13:46:00','2012-11-22 17:08:45','Aldi_Aylesbury_31.5.12-011.JPG','image/jpeg',5878711,'2012-11-22 13:45:13','',1,'65p'),(36,11,16,7,1,1,5,10,NULL,NULL,'Shelf edge promotes new canned stew','2012-11-22 13:47:00','2012-11-22 17:08:45','Aldi_Aylesbury_31.5.12-016.JPG','image/jpeg',5983404,'2012-11-22 13:47:11','',1,'New'),(37,12,16,14,2,1,11,25,NULL,NULL,'Product comparison on hanging banner promotes Aldi burgers','2012-11-22 13:48:00','2012-11-22 17:08:45','Aldi_Aylesbury_31.5.12-017.JPG','image/jpeg',1835349,'2012-11-22 13:47:17','',1,'It\'s Official. Britain Likes Aldi Burgers'),(38,13,16,7,1,1,13,NULL,NULL,NULL,'General category shot of the vegetable aisle','2012-11-22 13:48:00','2012-11-22 17:08:45','Aldi_Aylesbury_31.5.12-019.JPG','image/jpeg',5625542,'2012-11-22 13:47:19','',1,''),(39,14,16,27,2,1,21,NULL,NULL,NULL,'Bulk shipper displays Iron Bru','2012-11-22 13:48:00','2012-11-22 17:08:45','Aldi_Aylesbury_31.5.12-020.JPG','image/jpeg',5770135,'2012-11-22 13:47:26','',1,''),(40,14,16,14,2,1,11,25,NULL,NULL,'Product comparison on hanging banner promotes Aldi fish fingers','2012-11-22 13:50:00','2012-11-22 17:08:45','Aldi_Aylesbury_31.5.12-021.JPG','image/jpeg',1680846,'2012-11-22 13:49:54','',1,'It\'s Official. Britain Likes Aldi Fish Fingers'),(41,15,16,32,1,1,1,NULL,NULL,NULL,'General category shot of the homeware aisle','2012-11-22 13:50:00','2012-11-22 17:08:45','Aldi_Aylesbury_31.5.12-022.JPG','image/jpeg',5506869,'2012-11-22 13:49:56','',1,''),(42,15,16,24,1,1,5,NULL,NULL,NULL,'Shelf edge promotes discount on ready meal','2012-11-22 13:50:00','2012-11-22 17:08:45','Aldi_Aylesbury_31.5.12-023.JPG','image/jpeg',1801533,'2012-11-22 13:50:02','',1,'Lower Price'),(43,15,16,14,1,1,5,NULL,NULL,NULL,'Shelf edge promotes Rooster products from 1','2012-11-22 13:50:00','2012-11-22 15:28:51','Aldi_Aylesbury_31.5.12-024.JPG','image/jpeg',1871177,'2012-11-22 13:50:04','',1,'From 1'),(44,16,16,25,1,1,1,NULL,NULL,NULL,'General shelf shot with Snackrite secondary packaged crisps','2012-11-22 13:53:00','2012-11-22 17:08:45','Aldi_Aylesbury_31.5.12-025.JPG','image/jpeg',5871013,'2012-11-22 13:53:00','',1,''),(45,17,16,12,1,1,11,16,15,NULL,'Hanging banner promotes Mother\'s Day gifts','2012-11-22 13:53:00','2012-11-22 17:08:45','Aldi_Aylesbury_31.5.12-028.JPG','image/jpeg',5762044,'2012-11-22 13:53:06','Gardenline',1,'Mother\'s Day, Sunday 18th March'),(46,18,16,12,1,1,13,16,15,NULL,'Hanging banner promotes Mother\'s Day gifts','2012-11-22 13:54:00','2012-11-22 16:40:18','Aldi_Aylesbury_31.5.12-030.JPG','image/jpeg',2030220,'2012-11-22 13:53:12','',0,'Mother\'s Day, Sunday 18th March'),(47,19,16,12,1,1,13,16,15,NULL,'General category shot with hanging banner promotes Mother\'s Day gifts','2012-11-22 13:54:00','2012-11-22 17:08:45','Aldi_Aylesbury_31.5.12-031.JPG','image/jpeg',5780310,'2012-11-22 13:53:14','',1,'Mother\'s Day, Sunday 18th March'),(48,19,16,27,1,1,13,NULL,NULL,NULL,'General category shot with hanging banner promotes Mother\'s Day gifts','2012-11-22 13:55:00','2012-11-22 17:08:45','Aldi_Aylesbury_31.5.12-033.JPG','image/jpeg',5844708,'2012-11-22 13:53:20','',1,''),(49,19,16,8,1,1,11,16,NULL,NULL,'Hanging banner promotes Easter eggs','2012-11-22 13:56:00','2012-11-22 17:08:45','Aldi_Aylesbury_31.5.12-034.JPG','image/jpeg',6061129,'2012-11-22 13:56:27','',1,'Like Easter? Like the price'),(50,19,16,8,1,1,11,16,6,NULL,'Hanging banner promotes Easter eggs','2012-11-22 13:57:00','2012-11-22 17:08:45','Aldi_Aylesbury_31.5.12-035.JPG','image/jpeg',5365181,'2012-11-22 13:56:33','',1,'Like Easter? Like the price'),(51,20,16,15,1,1,11,NULL,NULL,NULL,'General category shot of health/beauty aisle','2012-11-22 13:57:00','2012-11-22 17:08:45','Aldi_Aylesbury_31.5.12-036.JPG','image/jpeg',2130577,'2012-11-22 13:56:39','',1,'Like Easter? Like the price'),(52,21,16,2,1,1,11,25,NULL,NULL,'General category shot of wine/spirits aisle with hanging banner promoting Aldi lager','2012-11-22 13:58:00','2012-11-22 17:08:45','Aldi_Aylesbury_31.5.12-037.JPG','image/jpeg',5755849,'2012-11-22 13:56:41','',1,'It\'s Official. Britain Likes Aldi Lager'),(53,21,16,2,1,1,18,17,NULL,NULL,'Product dump bin with poster promotes discount on chardonnay','2012-11-22 13:58:00','2012-11-22 17:08:45','Aldi_Aylesbury_31.5.12-038.JPG','image/jpeg',5942167,'2012-11-22 13:56:47','',1,'6.99'),(54,21,16,2,1,1,11,NULL,6,NULL,'Hanging banner promotes easter wines','2012-11-22 14:01:00','2012-11-22 17:08:45','Aldi_Aylesbury_31.5.12-039.JPG','image/jpeg',5344786,'2012-11-22 14:00:34','',1,'Easter wines. Like the price'),(55,21,16,2,1,1,11,NULL,6,NULL,'Product comparison on hanging banner promotes Aldi cider','2012-11-22 14:01:00','2012-11-22 17:08:45','Aldi_Aylesbury_31.5.12-040.JPG','image/jpeg',1765305,'2012-11-22 14:00:40','',1,'It\'s Official. Britain Likes Aldi Cider'),(56,21,16,2,1,1,8,17,NULL,NULL,'Poster promotes discount on lager ','2012-11-22 14:01:00','2012-11-22 17:08:45','Aldi_Aylesbury_31.5.12-041.JPG','image/jpeg',5304597,'2012-11-22 14:00:44','',1,'Lower Price'),(57,21,16,14,1,1,5,16,NULL,NULL,'Banner on freezer promotes seasonal food','2012-11-22 14:02:00','2012-11-22 17:08:45','Aldi_Aylesbury_31.5.12-042.JPG','image/jpeg',5368782,'2012-11-22 14:00:51','',1,'It\'s Official. Britain Likes Aldi Cider.'),(58,21,16,12,1,1,13,17,NULL,NULL,'Poster promotes discount on lager','2012-11-22 14:02:00','2012-11-22 17:08:45','Aldi_Aylesbury_31.5.12-043.JPG','image/jpeg',5940164,'2012-11-22 14:00:58','',1,''),(59,21,16,7,2,1,8,16,NULL,NULL,'Poster on window promotes a selection of offers','2012-11-22 14:10:00','2012-11-22 17:08:45','Aldi_Aylesbury_31.5.12-044.JPG','image/jpeg',5753375,'2012-11-22 14:10:01','',1,'Thursday Special Buys'),(60,21,16,8,4,1,11,16,6,NULL,'Hanging banner promotes easter confectionary','2012-11-22 14:10:00','2012-11-22 17:08:45','Aldi_Aylesbury_31.5.12-046.JPG','image/jpeg',5968210,'2012-11-22 14:10:08','',1,'Like Easter? Like the price'),(61,21,16,12,1,1,11,17,NULL,1,'Hanging banner promotes discount on vegetables','2012-11-22 14:11:00','2012-11-22 17:08:45','Aldi_Aylesbury_31.5.12-048.JPG','image/jpeg',1994635,'2012-11-22 14:10:14','',1,''),(63,21,18,12,1,1,22,NULL,12,NULL,'Red, white and blue balloons over the escalator symbolise British flag','2012-11-22 17:38:00','2012-11-27 22:47:55','ASDA_Clapham_4.5.12-001.JPG','image/jpeg',1965791,'2012-11-22 17:38:02','',1,''),(64,21,19,24,1,1,6,17,NULL,NULL,'Shelf barker promotes discount on ready meals','2012-11-22 17:53:00','2012-11-28 00:00:38','Budgens_Southfields_30.4.12-001.JPG','image/jpeg',1839857,'2012-11-22 17:53:00','Supervalu',1,'New Lower Price'),(65,21,19,24,1,1,6,17,NULL,NULL,'Shelf barker promotes discount on ready meals','2012-11-23 00:00:00','2012-11-28 00:00:38','Budgens_Southfields_30.4.12-002.JPG','image/jpeg',1809642,'2012-11-23 00:00:32','Supervalu',1,'New Lower Price'),(66,21,19,24,1,1,1,10,NULL,NULL,'Shelf wobbler promotes new range','2012-11-23 00:01:00','2012-11-28 00:00:38','Budgens_Southfields_30.4.12-003.JPG','image/jpeg',1544645,'2012-11-23 00:00:35','',1,'New, I\'m part of the huge new own brand range'),(67,21,19,27,1,1,6,17,NULL,NULL,'General category shot shows discounts on soft drinks and dairy','2012-11-23 00:01:00','2012-11-28 00:00:38','Budgens_Southfields_30.4.12-005.JPG','image/jpeg',2104122,'2012-11-23 00:00:38','',1,'New Lower Price'),(68,21,19,4,1,1,11,17,NULL,NULL,'Hanging banner promotes discounts at Budgens','2012-11-23 00:01:00','2012-11-28 00:00:38','Budgens_Southfields_30.4.12-006.JPG','image/jpeg',1729340,'2012-11-23 00:00:40','',1,'1000\'s of prices lowered'),(69,21,19,11,1,1,5,12,NULL,NULL,'Shelf edge promotes multibuy discounts','2012-11-23 00:01:00','2012-11-28 00:00:38','Budgens_Southfields_30.4.12-007.JPG','image/jpeg',2073425,'2012-11-23 00:00:42','',1,'Any 4 for 2, Any 3 for 1'),(70,21,19,7,1,1,11,10,NULL,NULL,'Hanging banner promotes new range','2012-11-23 00:13:00','2012-11-28 00:00:38','Budgens_Southfields_30.4.12-008.JPG','image/jpeg',1792609,'2012-11-23 00:13:35','',1,'Our huge new own brand range'),(71,21,19,18,1,1,6,17,NULL,NULL,'Hanging banner promotes new range','2012-11-23 00:14:00','2012-11-23 10:11:57','Budgens_Southfields_30.4.12-009.JPG','image/jpeg',2229298,'2012-11-23 00:13:38','',0,'New Lower Price'),(72,21,19,19,1,1,6,13,NULL,NULL,'Shelf barker promotes price match','2012-11-23 00:14:00','2012-11-23 10:11:57','Budgens_Southfields_30.4.12-011.JPG','image/jpeg',2290587,'2012-11-23 00:13:40','Mr Muscle',0,'Tesco Price Match'),(73,21,19,14,1,1,8,10,NULL,NULL,'Poster promotes new product launch','2012-11-23 00:14:00','2012-11-23 10:11:57','Budgens_Southfields_30.4.12-012.JPG','image/jpeg',1942324,'2012-11-23 00:13:43','',0,'Launching Summer 2011'),(74,21,19,7,1,1,8,10,NULL,NULL,'Hanging banner promotes discounted prices','2012-11-23 00:15:00','2012-11-28 00:01:00','Budgens_Southfields_30.4.12-013.JPG','image/jpeg',1776873,'2012-11-23 00:13:45','',1,'1000s of prices lowered'),(75,21,19,27,1,1,6,17,NULL,NULL,'Shelf barker promotes discounted prices on soft drinks','2012-11-23 00:17:00','2012-11-24 10:58:13','Budgens_Southfields_30.4.12-015.JPG','image/jpeg',2115439,'2012-11-23 00:16:49','Princes',1,'New Lower Price, Tesco Price Match'),(76,21,19,27,1,1,6,17,NULL,NULL,'Shelf barker promotes discounted price','2012-11-23 00:17:00','2012-11-24 10:58:13','Budgens_Southfields_30.4.12-016.JPG','image/jpeg',1956689,'2012-11-23 00:16:52','',1,'New Lower Price'),(77,21,19,2,1,1,6,17,NULL,NULL,'Shelf barker promotes discounted prices on wines/beers','2012-11-23 00:17:00','2012-11-28 00:01:00','Budgens_Southfields_30.4.12-017.JPG','image/jpeg',2051388,'2012-11-23 00:16:55','',1,'New Lower Price, Tesco Price Match'),(78,21,19,25,1,1,14,17,NULL,NULL,'FSDU promotes discount on Sensation crisps','2012-11-23 00:17:00','2012-11-24 10:58:13','Budgens_Southfields_30.4.12-018.JPG','image/jpeg',1931593,'2012-11-23 00:16:57','',1,'1'),(79,21,19,25,1,1,14,17,NULL,NULL,'FSDU promotes Brusch crisps','2012-11-23 00:18:00','2012-11-28 00:01:00','Budgens_Southfields_30.4.12-020.JPG','image/jpeg',2203480,'2012-11-23 00:17:00','',1,''),(80,21,19,7,1,1,8,17,12,NULL,'Special Offers','2012-11-23 00:20:00','2012-11-28 00:01:00','Budgens_Southfields_30.4.12-022.JPG','image/jpeg',2127962,'2012-11-23 00:20:07','',1,'Special Offers'),(81,21,19,7,3,1,13,10,NULL,NULL,'Out of store shot with window poster promoting a new product range','2012-11-23 00:20:00','2012-11-28 00:01:00','Budgens_Southfields_30.4.12-023.JPG','image/jpeg',1970793,'2012-11-23 00:20:10','',1,'Our huge new own brand range'),(82,21,19,12,1,1,5,17,NULL,NULL,'Shelf edge promotes half price blueberries','2012-11-23 00:20:00','2012-11-23 10:13:47','Budgens_Southfields_30.4.12.JPG','image/jpeg',1676791,'2012-11-23 00:20:12','',1,'Half Price'),(83,21,20,40,3,1,13,20,22,NULL,'Poster in window display promotes discount across beauty products with loyalty points','2012-11-23 00:28:00','2012-11-23 00:41:58','Debenhams_Edinburgh_19.5.12-001.JPG','image/jpeg',2385476,'2012-11-23 00:27:53','',1,'Summer Spectacular, 10% Off, plus 500 Bonus Points'),(84,21,20,38,1,NULL,14,NULL,NULL,NULL,'FSDU promotes Debenhams gift cards','2012-11-23 00:28:00','2012-11-23 00:41:58','Debenhams_Edinburgh_19.5.12-002.JPG','image/jpeg',2129770,'2012-11-23 00:27:56','',1,'Gift cards, Let them choose the perfect gift!'),(85,21,20,40,1,NULL,11,17,NULL,NULL,'Hanging banner promotes discount on beauty products','2012-11-23 00:28:00','2012-11-23 00:41:58','Debenhams_Edinburgh_19.5.12-003.JPG','image/jpeg',2111179,'2012-11-23 00:27:59','ESTEE LAUDER',0,'Take 10% Off cosmetics and fragrance'),(86,21,20,27,2,1,8,25,NULL,NULL,'Poster promotes iced frappes','2012-11-23 00:29:00','2012-11-23 14:00:32','Debenhams_Edinburgh_19.5.12-004.JPG','image/jpeg',1964128,'2012-11-23 00:28:02','',1,'Chill out with an iced frappe'),(87,21,20,6,1,1,13,NULL,NULL,NULL,'General shot of Jasper Conran shop-in-shop','2012-11-23 00:29:00','2012-11-23 14:00:32','Debenhams_Edinburgh_19.5.12-005.JPG','image/jpeg',2179431,'2012-11-23 00:28:05','',1,''),(88,21,18,8,1,1,6,17,NULL,NULL,'Shelf barker promotes chocolates for 1','2012-11-23 01:19:00','2012-11-27 22:47:55','ASDA_Clapham_4.5.12-002.JPG','image/jpeg',2267688,'2012-11-23 01:18:58','',1,'1'),(89,21,18,4,1,1,6,17,NULL,NULL,'Shelf barker promotes biscuits for 1','2012-11-27 22:50:55','2012-11-27 22:58:42','ASDA_Clapham_4.5.12-005.JPG','image/jpeg',2481510,'2012-11-27 22:50:32','Jammie Dodgers',1,'1'),(90,21,18,4,1,1,6,17,NULL,NULL,'Shelf barker promotes biscuits for 1','2012-11-27 22:50:58','2012-11-27 22:58:42','ASDA_Clapham_17.5.12-006.JPG','image/jpeg',2195285,'2012-11-27 22:50:40','Asda, McVitie\'s',1,'1'),(91,21,18,4,1,1,6,17,NULL,NULL,'Shelf barker promotes biscuits for 1','2012-11-27 22:51:03','2012-11-27 22:58:42','ASDA_Clapham_4.5.12-007.JPG','image/jpeg',2112233,'2012-11-27 22:50:44','',1,'1'),(92,21,18,4,1,1,6,25,NULL,NULL,'Shelf barker promotes Asda bakery products','2012-11-27 22:51:06','2012-11-27 22:58:42','ASDA_Clapham_4.5.12-009.JPG','image/jpeg',2182352,'2012-11-27 22:50:48','',1,'Tried, tasted and chosen by you'),(93,21,18,4,1,1,6,17,NULL,NULL,'Shelf barker promotes roll back prices','2012-11-27 22:51:09','2012-11-27 22:58:42','ASDA_Clapham_4.5.12-010.JPG','image/jpeg',2535497,'2012-11-27 22:50:51','',1,'Roll Back'),(94,21,18,4,1,1,5,12,NULL,NULL,'FSDU displays french bread, with 2 for 1 offer','2012-11-27 23:00:57','2012-11-27 23:09:21','ASDA_Clapham_4.5.12-011.JPG','image/jpeg',1986076,'2012-11-27 23:00:45','',1,'2 for 1'),(95,21,18,4,1,1,5,12,NULL,NULL,'Shelf edge promotes 2 for 1 offer on bread','2012-11-27 23:00:59','2012-11-27 23:09:21','ASDA_Clapham_4.5.12-012.JPG','image/jpeg',2190324,'2012-11-27 23:00:47','',1,'2 for 1'),(96,21,18,4,1,1,5,14,NULL,NULL,'Shelf edge promotes allergy information','2012-11-27 23:01:01','2012-11-27 23:09:21','ASDA_Clapham_4.5.12-013.JPG','image/jpeg',2019503,'2012-11-27 23:00:49','',1,'Allergen information'),(97,21,18,4,1,1,14,12,NULL,NULL,'FSDU promotes 2 for 2 onNew York Bagel Co. Gondola end promotes 2 for 1','2012-11-27 23:01:02','2012-11-27 23:09:21','ASDA_Clapham_4.5.12-014.JPG','image/jpeg',2161887,'2012-11-27 23:00:51','Asda',1,'2 for 2, 2 for 1'),(98,21,18,4,1,1,6,17,NULL,NULL,'Shelf edge promotes bread for 1','2012-11-27 23:12:10','2012-11-27 23:15:51','ASDA_Clapham_17.5.12-015.JPG','image/jpeg',1778080,'2012-11-27 23:12:06','',1,''),(99,21,18,4,1,1,5,12,NULL,NULL,'Shelf edge promotes 2 for 1 offer on bread','2012-11-27 23:12:10','2012-11-27 23:15:51','ASDA_Clapham_4.5.12-016.JPG','image/jpeg',2173341,'2012-11-27 23:12:08','',1,'2 for 1'),(100,22,20,38,1,1,14,NULL,NULL,NULL,'FSDU promotes Debenhams gift cards','2012-11-27 23:22:55','2012-11-27 23:39:52','Debenhams_Edinburgh_19.5.12-006.JPG','image/jpeg',2090796,'2012-11-27 23:22:35','',1,'Gift cards, Let them choose the perfect gift!'),(101,23,20,32,1,1,22,20,NULL,NULL,'Freestanding poster promotes loyalty reward with Nespresso machine purchases','2012-11-27 23:22:56','2012-11-27 23:39:52','Debenhams_Edinburgh_19.5.12-008.JPG','image/jpeg',2039214,'2012-11-27 23:22:39','',1,'Receive 40 Club Reward with any Nespresso machine'),(102,24,20,32,1,1,5,17,NULL,NULL,'Shelf edge promotes discount on appliances, Freestanding poster promotes loyalty incentive with Debenhams credit card','2012-11-27 23:22:57','2012-11-27 23:39:52','Debenhams_Edinburgh_19.5.12-009.JPG','image/jpeg',2282711,'2012-11-27 23:22:43','Breville, Debenhams Credit Card',1,''),(103,24,20,17,1,1,5,17,NULL,NULL,'Shelf edge, freestanding poster and on-pack label promote discount on homewares','2012-11-27 23:22:57','2012-11-27 23:39:52','Debenhams_Edinburgh_19.5.12-010.JPG','image/jpeg',2160478,'2012-11-27 23:22:47','',1,'Up to Half Price'),(104,25,20,17,1,1,22,17,NULL,NULL,'Freestanding poster promotes a free gift with 3 This Morning product purchases','2012-11-27 23:22:58','2012-11-27 23:39:52','Debenhams_Edinburgh_19.5.12-011.JPG','image/jpeg',2297572,'2012-11-27 23:22:51','',1,'Receive a Free Recipe Organiser when you buy any 3 This Morning products'),(105,25,20,17,2,1,22,NULL,NULL,NULL,'Freestanding poster promotes price of cookware sets','2012-11-27 23:24:59','2012-11-27 23:39:52','Debenhams_Edinburgh_19.5.12-012.JPG','image/jpeg',2162544,'2012-11-27 23:24:46','',1,'Great Product, Great Price'),(106,25,20,17,1,1,5,17,NULL,NULL,'Shelf edge and freestanding poster promote discount on homewares','2012-11-27 23:25:02','2012-11-27 23:39:52','Debenhams_Edinburgh_19.5.12-013.JPG','image/jpeg',2017903,'2012-11-27 23:24:49','',1,'Up to 70% Off'),(107,25,20,18,1,1,22,20,NULL,NULL,'General shot of Nespresso freestanding display unit, with freestanding posters promoting loyalty reward with Nespresso ','2012-11-27 23:25:04','2012-11-27 23:39:52','Debenhams_Edinburgh_19.5.12-014.JPG','image/jpeg',2234622,'2012-11-27 23:24:52','',1,'Receive 40 Club Reward with any Nespresso machine'),(108,26,20,38,2,1,22,20,NULL,NULL,'Poster by escalators promotes Debenhams Card with discount on restaurants/cafes','2012-11-27 23:25:09','2012-11-27 23:39:52','Debenhams_Edinburgh_19.5.12-015.JPG','image/jpeg',1785921,'2012-11-27 23:24:55','',1,'Save Up to 20%'),(109,26,20,6,3,1,13,NULL,NULL,NULL,'Out of store shot  ','2012-11-27 23:41:34','2012-11-27 23:43:28','Debenhams_Edinburgh_19.5.12.JPG','image/jpeg',3066114,'2012-11-27 23:41:31','',1,''),(110,26,21,6,3,1,4,NULL,NULL,NULL,'Out of store shot with welcome sign to the Asda','2012-11-27 23:47:54','2012-11-27 23:55:34','ASDA_Clapham_17.5.12.JPG','image/jpeg',1838124,'2012-11-27 23:47:44','',1,'Welcome to Asda Clapham Junction Battersea'),(111,26,21,4,3,1,22,10,NULL,NULL,'Freestanding poster promotes new product, Pole sleeve promotes Coca Cola Olympic ticket giveaway','2012-11-27 23:47:56','2012-11-27 23:55:34','ASDA_Clapham_17.5.12-001.JPG','image/jpeg',2273146,'2012-11-27 23:47:46','Coca Cola',1,'New!'),(112,26,21,1,2,1,21,12,NULL,NULL,'Bulk shippers promote multibuy discount on Huggies and rollback on Pampers','2012-11-27 23:47:57','2012-11-27 23:55:34','ASDA_Clapham_17.5.12-003.JPG','image/jpeg',1887545,'2012-11-27 23:47:48','Pampers',1,'2 for 14, Rollback 15'),(113,26,21,12,1,1,8,17,NULL,NULL,'General shot of plants/fruits with discount on grapes','2012-11-27 23:47:58','2012-11-27 23:55:34','ASDA_Clapham_17.5.12-005.JPG','image/jpeg',1834252,'2012-11-27 23:47:50','',1,'Grapes Rollback'),(114,27,21,12,1,1,8,17,NULL,NULL,'General shot with posters promoting fruit for 1','2012-11-27 23:47:59','2012-11-27 23:55:34','ASDA_Clapham_17.5.12-006.JPG','image/jpeg',2195285,'2012-11-27 23:47:52','',1,'Rollback 1'),(115,27,21,12,1,1,8,17,NULL,NULL,'Poster promotes discount on strawberries','2012-11-28 09:57:42','2012-11-28 10:02:23','ASDA_Clapham_17.5.12-008.JPG','image/jpeg',2318537,'2012-11-28 09:57:33','',1,'Rollback 2'),(116,28,21,12,1,1,11,9,NULL,NULL,'Hanging banner promotes 5 a day products','2012-11-28 09:57:45','2012-11-28 10:02:23','ASDA_Clapham_17.5.12-009.JPG','image/jpeg',1734509,'2012-11-28 09:57:35','',1,'Look out for the 5 a day logo'),(117,29,21,12,1,1,11,9,NULL,NULL,'Hanging banner promotes nectarines as 1 of your 5 a day','2012-11-28 09:57:46','2012-11-28 10:02:23','ASDA_Clapham_17.5.12-010.JPG','image/jpeg',1931870,'2012-11-28 09:57:38','',1,'1 nectarine = 1 of your 5 a day'),(118,30,21,24,1,1,6,NULL,NULL,NULL,'Shelf barker promotes Chosen by You range','2012-11-28 09:57:47','2012-11-28 17:59:17','ASDA_Clapham_17.5.12-014.JPG','image/jpeg',1987343,'2012-11-28 09:57:40','',1,'Tried, tasted and chosen by you'),(119,30,21,24,1,1,6,17,NULL,NULL,'Shelf barker promotes Pukka-pies for 1','2012-11-28 10:04:56','2012-11-28 10:13:14','ASDA_Clapham_17.5.12-015.JPG','image/jpeg',1778080,'2012-11-28 10:04:44','',1,'Rollback, 1'),(120,31,21,25,1,1,6,17,NULL,NULL,'General shot with shelf barker promotes discounts on snacks','2012-11-28 10:04:57','2012-11-28 10:13:14','ASDA_Clapham_17.5.12-016.JPG','image/jpeg',2211162,'2012-11-28 10:04:46','',1,'50p'),(121,32,21,24,1,1,6,27,NULL,NULL,'Shelf barkers promotes pizza retailer awards','2012-11-28 10:04:58','2012-11-28 10:13:14','ASDA_Clapham_17.5.12-023.JPG','image/jpeg',2069544,'2012-11-28 10:04:48','',1,'Award Winners!'),(122,33,21,24,1,1,5,12,NULL,NULL,'Shelf edge promotes multibuy discounts on ready meals','2012-11-28 10:04:58','2012-11-28 10:13:14','ASDA_Clapham_17.5.12-026.JPG','image/jpeg',2179035,'2012-11-28 10:04:51','',1,'2 for 6'),(123,34,21,12,2,1,21,14,NULL,NULL,'Bulk shipper promotes free range eggs','2012-11-28 10:04:59','2012-11-28 10:13:14','ASDA_Clapham_17.5.12-036.JPG','image/jpeg',2021818,'2012-11-28 10:04:53','',1,'15 British eggs, free range, mixed weight'),(124,34,21,12,1,1,11,22,NULL,NULL,'Shelf barker promotes Extra Special range','2012-11-28 10:15:43','2012-11-28 10:31:29','ASDA_Clapham_17.5.12-042.JPG','image/jpeg',1827173,'2012-11-28 10:15:31','',1,'Asda Extra Special'),(125,34,21,12,1,1,11,27,NULL,NULL,'Bunting promotes meat and fish retailer award','2012-11-28 10:15:44','2012-11-28 10:31:29','ASDA_Clapham_17.5.12-044.JPG','image/jpeg',2015176,'2012-11-28 10:15:33','',1,'Meat & Fish Retailer of the Year'),(126,34,21,12,1,1,5,12,NULL,NULL,'Shelf edge and barker promote multibuy discount','2012-11-28 10:15:45','2012-11-28 10:31:29','ASDA_Clapham_17.5.12-045.JPG','image/jpeg',1886772,'2012-11-28 10:15:36','',1,'2 for 7'),(127,34,21,27,1,1,5,12,NULL,NULL,'Shelf edge and barker promote multibuy discount','2012-11-28 10:15:46','2012-11-28 10:31:29','ASDA_Clapham_17.5.12-058.JPG','image/jpeg',2322612,'2012-11-28 10:15:38','',1,'6 for 4'),(128,34,21,27,1,1,5,12,NULL,NULL,'Shelf edge and barker promote multibuy discount','2012-11-28 10:15:47','2012-11-28 10:31:29','ASDA_Clapham_17.5.12-059.JPG','image/jpeg',2276044,'2012-11-28 10:15:41','',1,'2 for 4'),(129,34,21,11,1,1,5,17,NULL,NULL,'Shelf edge promotes discount on dairy','2012-11-28 10:17:48','2012-11-28 10:31:29','ASDA_Clapham_17.5.12-060.JPG','image/jpeg',2187860,'2012-11-28 10:17:35','',1,'Roll Back'),(130,34,21,2,1,1,14,17,NULL,NULL,'FSDU promotes wines for 5','2012-11-28 10:17:50','2012-11-28 10:31:29','ASDA_Clapham_17.5.12-063.JPG','image/jpeg',1845143,'2012-11-28 10:17:38','Alba',1,'$5'),(131,36,21,11,1,1,6,17,NULL,NULL,'Discount on butters','2012-11-28 10:17:50','2012-11-28 10:31:29','ASDA_Clapham_17.5.12-061.JPG','image/jpeg',2219399,'2012-11-28 10:17:40','Stork, Willow, Lurpak, President',1,'1, Roll back'),(132,37,21,11,2,1,5,17,NULL,NULL,'Gondola end with shelf edge promotes products for 2','2012-11-28 10:17:51','2012-11-28 10:31:29','ASDA_Clapham_17.5.12-066.JPG','image/jpeg',1873042,'2012-11-28 10:17:43','Lurpak',1,''),(133,37,21,8,2,1,14,10,NULL,NULL,'FSDU promotes new Cadbury\'s product','2012-11-28 10:17:52','2012-11-28 10:31:29','ASDA_Clapham_17.5.12-071.JPG','image/jpeg',2007286,'2012-11-28 10:17:46','',1,'New!'),(134,38,21,13,1,1,5,14,NULL,NULL,'Shelf edge provides product information on Cuprinol products','2012-11-28 10:34:05','2012-11-28 10:40:08','ASDA_Clapham_17.5.12-074.JPG','image/jpeg',1770685,'2012-11-28 10:33:53','',1,'One Coat Timber Care'),(135,39,21,13,1,1,5,14,NULL,NULL,'Shelf edge provides product information on Hero products','2012-11-28 10:34:06','2012-11-28 10:40:08','ASDA_Clapham_17.5.12-076.JPG','image/jpeg',2234202,'2012-11-28 10:33:55','Westland',1,'Hero, Blitzes algae, moss & Moould, No scrubbing'),(136,40,21,13,2,1,20,NULL,NULL,NULL,'Parasitic hanger displays WD40','2012-11-28 10:34:07','2012-11-28 10:40:08','ASDA_Clapham_17.5.12-078.JPG','image/jpeg',2306191,'2012-11-28 10:33:58','WD-40 Company',1,''),(137,41,21,7,1,1,14,NULL,NULL,NULL,'FSDU groups Heinz and HP Sauce products','2012-11-28 10:34:08','2012-11-28 10:40:08','ASDA_Clapham_17.5.12-080.JPG','image/jpeg',2107268,'2012-11-28 10:34:00','HP Sauce',1,'2.09'),(138,42,21,7,1,1,21,17,NULL,NULL,'Bulk shipper promotes Asda pasta','2012-11-28 10:34:09','2012-11-28 10:40:08','ASDA_Clapham_17.5.12-083.JPG','image/jpeg',2023166,'2012-11-28 10:34:03','',1,'89p'),(139,43,21,19,1,1,12,17,NULL,NULL,'Gondola end promotes cleaning products for 1','2012-11-28 10:42:58','2012-11-28 10:50:37','ASDA_Clapham_17.5.12-086.JPG','image/jpeg',2107985,'2012-11-28 10:42:46','Mr Muscle, Duck',1,'1'),(140,44,21,25,1,1,12,17,NULL,NULL,'Gondola end promotes savoury products for 1','2012-11-28 10:42:59','2012-11-28 10:50:37','ASDA_Clapham_17.5.12-089.JPG','image/jpeg',1927868,'2012-11-28 10:42:48','Tilda',1,'1'),(141,44,21,10,1,1,18,25,NULL,NULL,'Framing around magazine with Try Me labelling','2012-11-28 10:43:00','2012-11-28 10:50:37','ASDA_Clapham_17.5.12-090.JPG','image/jpeg',2076931,'2012-11-28 10:42:51','',1,'Try Me'),(142,44,21,10,1,1,18,25,NULL,NULL,'Framing around magazine with Try Me labelling','2012-11-28 10:43:00','2012-11-28 10:50:37','ASDA_Clapham_17.5.12-092.JPG','image/jpeg',2309054,'2012-11-28 10:42:53','',1,'Try Me'),(143,44,21,13,1,1,11,16,NULL,NULL,'Hanging banner promotes outdoor furniture','2012-11-28 10:43:02','2012-11-28 10:50:37','ASDA_Clapham_17.5.12-099.JPG','image/jpeg',1792716,'2012-11-28 10:42:55','',1,'Outdoor Living'),(144,45,21,8,1,1,12,17,NULL,NULL,'Gondola end promotes chocolates for 1','2012-11-28 10:52:54','2012-11-28 11:04:57','ASDA_Clapham_17.5.12-102.JPG','image/jpeg',1990621,'2012-11-28 10:52:42','Yorkie, Bounty, Snickers, KitKat, Mars',1,'1'),(145,45,21,1,1,1,14,12,NULL,NULL,'FSDU promotes Coca-Cola and pizza bundle deal','2012-11-28 10:52:55','2012-11-28 11:04:57','ASDA_Clapham_17.5.12-103.JPG','image/jpeg',2152561,'2012-11-28 10:52:45','Asda',1,'Any 14\" Pizza + Any Coca-Cola 1.25ltr 4'),(146,46,21,2,2,1,8,17,NULL,NULL,'Wine for 4','2012-11-28 10:52:56','2012-11-28 11:17:41','ASDA_Clapham_17.5.12-104.JPG','image/jpeg',2028069,'2012-11-28 10:52:47','',1,''),(147,47,21,24,1,1,5,17,NULL,NULL,'Shelf edge promotes discounts on ready meals','2012-11-28 10:52:57','2012-11-28 11:11:57','ASDA_Clapham_17.5.12-106.JPG','image/jpeg',2042146,'2012-11-28 10:52:49','',1,'2'),(148,48,21,7,1,1,12,12,NULL,NULL,'Multibuy offer on Batchelors products','2012-11-28 10:52:58','2012-11-28 11:17:41','ASDA_Clapham_17.5.12-108.JPG','image/jpeg',2159210,'2012-11-28 10:52:52','',1,'5 for 2'),(149,49,21,41,2,1,20,10,NULL,NULL,'Parasitic hanger promotes Asda Connect phonecard','2012-11-28 10:57:38','2012-11-28 11:11:57','ASDA_Clapham_17.5.12-111.JPG','image/jpeg',1971792,'2012-11-28 10:57:25','',1,'New, Asda Connect International Phonecard'),(150,50,21,19,2,1,20,10,NULL,NULL,'Parasitic hanger promotes new fridge freshener','2012-11-28 10:57:38','2012-11-28 11:22:40','ASDA_Clapham_17.5.12-113.JPG','image/jpeg',2024538,'2012-11-28 10:57:28','',1,'New'),(151,51,21,4,1,1,5,NULL,6,NULL,'Shelf edge promotes Easter with foreign biscuits','2012-11-28 10:57:39','2012-11-28 11:22:40','ASDA_Clapham_17.5.12-116.JPG','image/jpeg',1808758,'2012-11-28 10:57:30','Nestle, Familijne',1,'Celebrating Easter with Asda'),(152,52,21,1,1,1,NULL,NULL,NULL,NULL,'','2012-11-28 10:57:40','2012-11-28 11:22:40','ASDA_Clapham_17.5.12-117.JPG','image/jpeg',2260895,'2012-11-28 10:57:32','',0,''),(153,52,21,1,1,1,NULL,NULL,NULL,NULL,'','2012-11-28 10:57:40','2012-11-28 11:00:31','ASDA_Clapham_17.5.12-119.JPG','image/jpeg',1966622,'2012-11-28 10:57:35','',0,''),(154,53,21,24,2,1,14,12,NULL,NULL,'FSDU promotes multibuy discount on Dolmio','2012-11-28 11:00:26','2012-11-28 11:06:43','ASDA_Clapham_17.5.12-120.JPG','image/jpeg',2276905,'2012-11-28 11:00:13','',1,'2 for 2'),(155,53,21,19,1,1,12,17,NULL,NULL,'Gondola end promotes cleaning products for 1','2012-11-28 11:00:27','2012-11-28 11:22:40','ASDA_Clapham_17.5.12-121.JPG','image/jpeg',2180750,'2012-11-28 11:00:15','Mr Muscle, Duck',1,'1'),(156,54,21,1,1,NULL,NULL,NULL,NULL,NULL,'','2012-11-28 11:00:28','2012-11-28 11:22:40','ASDA_Clapham_17.5.12-122.JPG','image/jpeg',2377080,'2012-11-28 11:00:18','',0,''),(157,55,21,24,1,1,6,10,NULL,NULL,'Shelf barker promotes new ready meal','2012-11-28 11:00:28','2012-11-28 11:33:52','ASDA_Clapham_17.5.12-123.JPG','image/jpeg',2104632,'2012-11-28 11:00:21','',1,'New!'),(158,56,21,24,1,1,5,12,NULL,NULL,'Shelf edge and barker promotes multibuy discount','2012-11-28 11:00:30','2012-11-28 11:33:52','ASDA_Clapham_17.5.12-126.JPG','image/jpeg',2370046,'2012-11-28 11:00:23','Savoury Rice',1,'5 for 2'),(159,56,21,7,1,1,6,17,NULL,NULL,'Shelf barkers promotes new product and shelf edge promotes a discount','2012-11-28 11:38:37','2012-11-28 11:58:32','ASDA_Clapham_17.5.12-127.JPG','image/jpeg',2142514,'2012-11-28 11:38:24','',1,'New!, Roll back'),(160,56,21,7,1,1,14,17,NULL,NULL,'FSDU promotes discount on Heinz','2012-11-28 11:38:38','2012-11-28 11:58:32','ASDA_Clapham_17.5.12-133.JPG','image/jpeg',2335462,'2012-11-28 11:38:26','',1,'2.50'),(161,57,21,1,1,1,5,17,NULL,NULL,'Shelf edge display price of pampers and shelf barker promotes Baby & Toddler event','2012-11-28 11:38:38','2012-11-28 12:04:48','ASDA_Clapham_17.5.12-136.JPG','image/jpeg',2199384,'2012-11-28 11:38:29','',1,'10, Visit the seasonal aisle today'),(162,58,21,22,1,1,12,17,NULL,NULL,'Gondola end promotes Sure for 2','2012-11-28 11:38:39','2012-11-28 12:04:48','ASDA_Clapham_17.5.12-138.JPG','image/jpeg',2256711,'2012-11-28 11:38:31','',1,'2'),(163,59,21,4,1,1,5,17,NULL,NULL,'Shelf barker promotes discount on Asda donuts','2012-11-28 11:38:40','2012-11-28 11:58:32','ASDA_Clapham_17.5.12-141.JPG','image/jpeg',2019113,'2012-11-28 11:38:34','',1,'1, Roll back'),(164,60,21,4,1,1,6,14,NULL,NULL,'General shelf shot of bread aisle','2012-11-28 11:45:29','2012-11-28 11:58:32','ASDA_Clapham_17.5.12-143.JPG','image/jpeg',2160895,'2012-11-28 11:45:12','',1,'Caribbean'),(165,61,21,4,1,1,6,17,NULL,NULL,'Shelf barker promotes discount on Asda tarts','2012-11-28 11:45:30','2012-11-28 11:58:32','ASDA_Clapham_17.5.12-145.JPG','image/jpeg',1894453,'2012-11-28 11:45:14','',1,'Roll back'),(166,62,21,19,1,1,21,17,NULL,NULL,'Bulk shipper promotes discount on Ariel products','2012-11-28 11:45:31','2012-11-28 12:04:48','ASDA_Clapham_17.5.12-149.JPG','image/jpeg',2130800,'2012-11-28 11:45:17','',1,'3'),(167,63,21,37,1,1,12,17,NULL,NULL,'Gondola end promotes Whiskas and Pedigrees for 3','2012-11-28 11:45:32','2012-11-28 12:04:48','ASDA_Clapham_17.5.12-146.JPG','image/jpeg',1951915,'2012-11-28 11:45:19','Pedigree',1,'3'),(168,64,21,19,1,1,14,17,NULL,NULL,'FSDU promotes Minky products for 1','2012-11-28 11:45:33','2012-11-28 12:04:48','ASDA_Clapham_17.5.12-148.JPG','image/jpeg',2119085,'2012-11-28 11:45:26','',1,''),(169,65,21,19,1,1,6,17,NULL,NULL,'Shelf barker promotes discount prices on Saz, Bold and Surf products','2012-11-28 12:08:49','2012-11-28 12:27:50','ASDA_Clapham_17.5.12-152.JPG','image/jpeg',2529702,'2012-11-28 12:08:36','Bold, Surf',1,'Roll Back'),(170,68,21,19,1,1,6,17,NULL,NULL,'Shelf barker promotes fabric softener for 1','2012-11-28 12:08:50','2012-11-28 12:27:50','ASDA_Clapham_17.5.12-154.JPG','image/jpeg',2035728,'2012-11-28 12:08:39','',1,'1'),(171,69,21,19,1,1,6,17,NULL,NULL,'Shelf barker promotes discount on Lenor','2012-11-28 12:08:51','2012-11-28 12:40:12','ASDA_Clapham_17.5.12-155.JPG','image/jpeg',2170102,'2012-11-28 12:08:42','',1,'Roll Back'),(172,70,21,19,1,1,6,17,NULL,NULL,'Shelf barker promotes discount on Bold and Daz','2012-11-28 12:08:52','2012-11-28 12:40:12','ASDA_Clapham_17.5.12-158.JPG','image/jpeg',2469450,'2012-11-28 12:08:44','Daz',1,'Roll Back'),(173,71,21,19,1,1,6,17,NULL,NULL,'Shelf barker promotes discount on Fairy','2012-11-28 12:08:54','2012-11-28 12:40:12','ASDA_Clapham_17.5.12-160.JPG','image/jpeg',2186696,'2012-11-28 12:08:47','',1,'Roll Back'),(174,72,21,37,1,1,6,17,NULL,NULL,'Shelf barker promotes discount on Mis Fits','2012-11-28 12:12:09','2012-11-28 12:40:12','ASDA_Clapham_17.5.12-162.JPG','image/jpeg',2241282,'2012-11-28 12:11:57','',1,'1'),(175,73,21,5,1,1,6,10,NULL,NULL,'Shelf barker promotes new Kellogg\'s Krave','2012-11-28 12:12:11','2012-11-28 12:40:12','ASDA_Clapham_17.5.12-165.JPG','image/jpeg',2004926,'2012-11-28 12:11:59','',1,'New!'),(176,74,21,5,1,1,6,12,NULL,NULL,'Shelf barker promotes multibuy offer Asda cereals','2012-11-28 12:12:12','2012-11-28 12:27:50','ASDA_Clapham_17.5.12-166.JPG','image/jpeg',2446805,'2012-11-28 12:12:02','',1,'Any 3 for 3'),(177,75,21,5,1,1,6,17,NULL,NULL,'Shelf barker promotes discount on Special K','2012-11-28 12:12:13','2012-11-28 12:40:12','ASDA_Clapham_17.5.12-167.JPG','image/jpeg',2021196,'2012-11-28 12:12:04','',1,'Roll Back'),(178,76,21,5,1,1,14,17,NULL,NULL,'FSDU promotes discount on new Weetabix','2012-11-28 12:12:13','2012-11-28 12:40:12','ASDA_Clapham_17.5.12-170.JPG','image/jpeg',2402077,'2012-11-28 12:12:07','',1,'2, Roll Back'),(179,77,21,27,1,1,6,12,NULL,NULL,'Shelf barker promotes multibuy offer ','2012-11-28 12:15:18','2012-11-28 12:40:12','ASDA_Clapham_17.5.12-173.JPG','image/jpeg',1795851,'2012-11-28 12:14:52','',1,'4 for 1.50'),(180,78,21,27,1,1,8,12,NULL,NULL,'Poster promotes multibuy discount on Asda water','2012-11-28 12:15:18','2012-11-28 12:40:12','ASDA_Clapham_17.5.12-174.JPG','image/jpeg',1984549,'2012-11-28 12:14:59','',1,'2 for 2.50'),(181,79,21,27,1,1,6,12,NULL,NULL,'Shelf barker promotes multibuy on Capri Sun','2012-11-28 12:15:19','2012-11-28 12:40:12','ASDA_Clapham_17.5.12-177.JPG','image/jpeg',2049955,'2012-11-28 12:15:04','',1,'Any 2 for 4'),(182,80,21,18,1,1,5,10,NULL,NULL,'Shelf edge promotes new Nescafe product','2012-11-28 12:15:20','2012-11-28 12:40:12','ASDA_Clapham_17.5.12-181.JPG','image/jpeg',2164186,'2012-11-28 12:15:08','',1,'New!'),(183,81,21,27,1,1,6,17,NULL,NULL,'Shelf barker promotes discount and a shelf edge promoting multibuy offer on Asda soft drinks','2012-11-28 12:15:20','2012-11-28 12:27:50','ASDA_Clapham_17.5.12-180.JPG','image/jpeg',1889918,'2012-11-28 12:15:13','',1,'Roll Back, 2 for 3'),(184,81,21,18,1,1,6,17,NULL,NULL,'Shelf edge promotes discount on Nescafe and Kenco products','2012-11-28 12:43:23','2012-11-28 13:04:47','ASDA_Clapham_17.5.12-183.JPG','image/jpeg',2127221,'2012-11-28 12:43:09','Kenco',1,'Roll Back'),(185,82,21,18,1,1,6,17,NULL,NULL,'Shelf edge promotes discount on Asda beverages','2012-11-28 12:43:23','2012-11-28 13:04:47','ASDA_Clapham_17.5.12-187.JPG','image/jpeg',2171134,'2012-11-28 12:43:11','',1,'1'),(186,83,21,18,1,1,6,17,NULL,NULL,'Shelf edge promotes discount on PG Tips','2012-11-28 12:43:24','2012-11-28 13:08:28','ASDA_Clapham_17.5.12-188.JPG','image/jpeg',2169286,'2012-11-28 12:43:14','',1,'Roll Back'),(187,83,21,7,1,1,6,10,NULL,NULL,'Shelf barker promotes new product','2012-11-28 12:43:24','2012-11-28 13:04:47','ASDA_Clapham_17.5.12-189.JPG','image/jpeg',2013517,'2012-11-28 12:43:16','',1,'New!'),(188,84,21,7,1,1,6,17,NULL,NULL,'Shelf barker and shelf edge promotes discounts','2012-11-28 12:43:25','2012-11-28 13:04:47','ASDA_Clapham_17.5.12-191.JPG','image/jpeg',2102880,'2012-11-28 12:43:19','Asda,Weight Watchers',1,'1, Roll Back'),(189,84,21,7,2,1,14,17,NULL,NULL,'Bulk shipper promotes discount on Nutella','2012-11-28 12:46:54','2012-11-28 13:04:47','ASDA_Clapham_17.5.12-192.JPG','image/jpeg',2015499,'2012-11-28 12:46:41','',1,'Roll Back, 1.50'),(190,85,21,7,1,1,8,NULL,NULL,NULL,'Shelf shot with large pricing posters','2012-11-28 12:46:55','2012-11-28 13:04:47','ASDA_Clapham_17.5.12-194.JPG','image/jpeg',2120647,'2012-11-28 12:46:43','',1,'98p, 1.89'),(191,86,21,27,4,1,NULL,NULL,NULL,NULL,'Drinks cabinet by check out','2012-11-28 12:46:55','2012-11-28 13:04:47','ASDA_Clapham_17.5.12-200.JPG','image/jpeg',1888801,'2012-11-28 12:46:46','Coca Cola',1,'Enjoy Coca-Cola'),(192,87,21,17,2,1,20,NULL,NULL,NULL,'Parasitic hanger displays bags','2012-11-28 12:46:56','2012-11-28 13:04:47','ASDA_Clapham_17.5.12-202.JPG','image/jpeg',2011003,'2012-11-28 12:46:49','',1,'Pocket Pouch Bag'),(193,88,21,8,2,1,12,17,NULL,NULL,'Gondola ends promotes 1 offer on Lion, Rolo and Rowntree products','2012-11-28 12:46:57','2012-11-28 13:04:47','ASDA_Clapham_17.5.12-204.JPG','image/jpeg',2148784,'2012-11-28 12:46:51','Rolo, Rowntree',1,'1'),(194,89,21,14,1,1,11,13,NULL,NULL,'10% cheaper or we\'ll give you the difference guaranteed','2012-11-28 12:49:51','2012-11-28 13:04:47','ASDA_Clapham_17.5.12-205.JPG','image/jpeg',1904915,'2012-11-28 12:49:39','',1,'10% cheaper or we\'ll give you the difference guaranteed'),(195,90,21,14,1,1,6,17,NULL,NULL,'General aisle shot with price promotions','2012-11-28 12:49:52','2012-11-28 13:04:47','ASDA_Clapham_17.5.12-206.JPG','image/jpeg',2346254,'2012-11-28 12:49:42','',1,'1, New'),(196,91,21,1,1,NULL,NULL,NULL,NULL,NULL,'','2012-11-28 12:49:53','2012-11-28 13:04:47','ASDA_Clapham_17.5.12-206.JPG','image/jpeg',2346254,'2012-11-28 12:49:44','',0,''),(197,92,21,7,1,1,6,17,NULL,NULL,'Shelf barkers promote discounts on Asda dried fruits and shelf edge promotes multibuy offer on Whitworths','2012-11-28 12:49:54','2012-11-28 13:04:47','ASDA_Clapham_17.5.12-210.JPG','image/jpeg',2247705,'2012-11-28 12:49:46','Whitworth',1,'Roll Back, 2 for 3'),(198,93,21,27,1,1,12,17,NULL,NULL,'Gondola end promotes discount on Robinsons drinks','2012-11-28 12:49:55','2012-11-28 13:04:47','ASDA_Clapham_17.5.12-212.JPG','image/jpeg',2038998,'2012-11-28 12:49:49','',1,'1, Roll Back'),(199,93,21,27,1,1,6,17,NULL,NULL,'FSDU promotes Lucozade','2012-11-28 13:08:24','2012-11-28 13:21:58','ASDA_Clapham_17.5.12-216.JPG','image/jpeg',2014530,'2012-11-28 13:08:11','',1,'1'),(200,94,21,27,1,1,NULL,NULL,NULL,NULL,'General shelf shot of Asda drinks','2012-11-28 13:08:25','2012-11-28 13:21:58','ASDA_Clapham_17.5.12-217.JPG','image/jpeg',2058458,'2012-11-28 13:08:14','',1,''),(201,95,21,27,1,1,5,12,NULL,NULL,'Shelf edge, shelf barker and poster promotes multibuy offer on Coca-Cola','2012-11-28 13:08:26','2012-11-28 13:21:58','ASDA_Clapham_17.5.12-219.JPG','image/jpeg',2343793,'2012-11-28 13:08:16','',1,'2 for 4'),(202,95,21,27,1,1,5,23,NULL,NULL,'Shelf edge promotes RC Cola as an exclusive brand','2012-11-28 13:08:26','2012-11-28 13:21:58','ASDA_Clapham_17.5.12-222.JPG','image/jpeg',1494588,'2012-11-28 13:08:19','',1,'Exclusive! An American favourite since 1908'),(203,96,21,27,1,1,14,12,NULL,NULL,'FSDU promotes multibuy offer on Capri-Sun','2012-11-28 13:08:27','2012-11-28 13:21:58','ASDA_Clapham_17.5.12-227.JPG','image/jpeg',2196322,'2012-11-28 13:08:21','',1,'Any 2 for 4'),(204,96,21,27,1,1,12,12,NULL,NULL,'Gondola end promoting multibuy offer on drinks','2012-11-28 13:12:50','2012-11-28 13:21:58','ASDA_Clapham_17.5.12-229.JPG','image/jpeg',2367794,'2012-11-28 13:12:37','Diet, Coke, Capri-Sun',1,'2 for 4'),(205,97,21,2,1,1,12,17,NULL,NULL,'Gondola end promotes discounted wine','2012-11-28 13:12:51','2012-11-28 13:21:58','ASDA_Clapham_17.5.12-233.JPG','image/jpeg',1952037,'2012-11-28 13:12:40','',1,'Roll Back, 5'),(206,98,21,2,1,1,9,5,NULL,NULL,'On-pack promotion to win an iPad','2012-11-28 13:12:52','2012-11-28 13:21:58','ASDA_Clapham_17.5.12-234.JPG','image/jpeg',1509735,'2012-11-28 13:12:43','',1,'Win one of 500 iPads instantly'),(207,99,21,2,1,1,9,24,NULL,NULL,'On-pack promotion to claim a free book','2012-11-28 13:12:53','2012-11-28 13:23:58','ASDA_Clapham_17.5.12-235.JPG','image/jpeg',1840827,'2012-11-28 13:12:45','',1,'Buy 2 bottles and claim a free book worth 12.99'),(208,100,21,27,1,1,6,12,NULL,NULL,'Shelf barker promotes multibuy offer on Asda drinks','2012-11-28 13:12:53','2012-11-28 13:21:58','ASDA_Clapham_17.5.12-236.JPG','image/jpeg',2149367,'2012-11-28 13:12:48','',1,'3 for 2.50'),(209,101,21,2,1,1,12,10,NULL,NULL,'Gondola end promotes new cider','2012-11-28 14:50:51','2012-11-28 15:09:27','ASDA_Clapham_17.5.12-237.JPG','image/jpeg',1889147,'2012-11-28 14:50:38','',1,'New! 4'),(210,102,21,25,2,1,20,NULL,NULL,NULL,'Parasitic hanger displays pretzels in wine category','2012-11-28 14:50:52','2012-11-28 15:09:27','ASDA_Clapham_17.5.12-248.JPG','image/jpeg',2053950,'2012-11-28 14:50:41','',1,''),(211,103,21,2,1,1,21,NULL,NULL,NULL,'General shot with bulk shipper with Bulmers beer','2012-11-28 14:50:53','2012-11-28 15:09:27','ASDA_Clapham_17.5.12-249.JPG','image/jpeg',2192364,'2012-11-28 14:50:43','',1,''),(212,104,21,2,1,1,14,10,NULL,NULL,'FSDU with a new alcoholic beverage','2012-11-28 14:50:54','2012-11-28 15:09:27','ASDA_Clapham_17.5.12-250.JPG','image/jpeg',2415572,'2012-11-28 14:50:46','',1,'New, Buy it now!'),(213,104,21,2,1,1,5,17,NULL,NULL,'Shelf edge promotes discount on wine','2012-11-28 14:50:55','2012-11-28 15:09:27','ASDA_Clapham_17.5.12-251.JPG','image/jpeg',2271784,'2012-11-28 14:50:49','',1,'Roll Back'),(214,105,21,2,1,1,12,17,NULL,NULL,'Gondola end promotes discounted cider','2012-11-28 14:55:43','2012-11-28 15:09:27','ASDA_Clapham_17.5.12-253.JPG','image/jpeg',2228821,'2012-11-28 14:55:29','Stella Artois, Bulmers',1,'$9'),(215,106,21,2,1,1,14,17,NULL,NULL,'FSDU promotes discounted Malibu mixers','2012-11-28 14:55:44','2012-11-28 15:09:27','ASDA_Clapham_17.5.12-255.JPG','image/jpeg',2077088,'2012-11-28 14:55:32','',1,'Roll Back, 9'),(216,107,21,2,1,1,21,NULL,NULL,NULL,'Bulk shipper promotes Foster\'s ','2012-11-28 14:55:45','2012-11-28 15:09:27','ASDA_Clapham_17.5.12-257.JPG','image/jpeg',2019071,'2012-11-28 14:55:35','',1,'13'),(217,108,21,2,1,1,14,NULL,NULL,NULL,'FSDU displays spirits','2012-11-28 14:55:46','2012-11-28 15:09:27','ASDA_Clapham_17.5.12-259.JPG','image/jpeg',2116027,'2012-11-28 14:55:37','Bailey\'s, Smirnoff',1,''),(218,109,21,2,1,1,6,17,NULL,NULL,'Shelf barker promotes discount on Smirnoff','2012-11-28 14:55:46','2012-11-28 15:09:27','ASDA_Clapham_17.5.12-261.JPG','image/jpeg',2071986,'2012-11-28 14:55:40','',1,'Roll Back'),(219,109,21,2,1,1,19,14,NULL,NULL,'Use of secondary packaging with Funkin products','2012-11-28 15:14:18','2012-11-28 15:26:47','ASDA_Clapham_17.5.12-262.JPG','image/jpeg',1858428,'2012-11-28 15:14:05','',1,''),(220,110,21,2,1,1,9,14,NULL,NULL,'Leaflet on bottles of absolut vodka promotes it as a potential cocktail','2012-11-28 15:14:19','2012-11-28 15:26:47','ASDA_Clapham_17.5.12-263.JPG','image/jpeg',1657601,'2012-11-28 15:14:07','',1,'Absolut Drinkspiration'),(221,111,21,2,1,1,6,17,NULL,NULL,'Shelf barker promotes discount on Amaretto ','2012-11-28 15:14:20','2012-11-28 15:26:47','ASDA_Clapham_17.5.12-266.JPG','image/jpeg',1999133,'2012-11-28 15:14:10','',1,'Roll Back'),(222,112,21,2,1,1,6,17,NULL,NULL,'Shelf barker promotes discount on beers','2012-11-28 15:14:21','2012-11-28 15:26:47','ASDA_Clapham_17.5.12-267.JPG','image/jpeg',2346873,'2012-11-28 15:14:13','Sol, Birra Moretti',1,'Roll Back'),(223,113,21,2,1,1,14,17,NULL,NULL,'FSDU promotes discount on Smirnoff','2012-11-28 15:14:22','2012-11-28 15:26:47','ASDA_Clapham_17.5.12-268.JPG','image/jpeg',1920461,'2012-11-28 15:14:15','Gordons, Bell\'s, Captain Morgan\'s',1,'17'),(224,114,21,2,2,1,20,NULL,NULL,NULL,'Parasitic hanging displays a brand of olive snacks being sold in wine category','2012-11-28 15:26:43','2012-11-28 15:40:41','ASDA_Clapham_17.5.12-271.JPG','image/jpeg',1741842,'2012-11-28 15:26:25','',1,''),(225,115,21,27,1,1,21,12,NULL,NULL,'Bulk shipper promotes multibuy discount','2012-11-28 15:26:44','2012-11-28 15:40:41','ASDA_Clapham_17.5.12-273.JPG','image/jpeg',2247549,'2012-11-28 15:26:28','',1,'2 for 6'),(226,116,21,2,2,1,21,17,NULL,NULL,'Bulk shipper promotes discount','2012-11-28 15:26:44','2012-11-28 15:40:41','ASDA_Clapham_17.5.12-275.JPG','image/jpeg',1823729,'2012-11-28 15:26:31','',1,'Roll Back'),(227,117,21,2,2,1,21,NULL,NULL,NULL,'Bulk shipper displays Stella Artois','2012-11-28 15:26:45','2012-11-28 15:40:41','ASDA_Clapham_17.5.12-276.JPG','image/jpeg',2242232,'2012-11-28 15:26:33','',1,'16.77'),(228,118,21,14,1,1,5,NULL,NULL,NULL,'Shelf edge promotes frozen food for 2','2012-11-28 15:26:46','2012-11-28 15:40:41','ASDA_Clapham_17.5.12-277.JPG','image/jpeg',2207592,'2012-11-28 15:26:39','',1,''),(234,122,21,14,1,1,6,17,NULL,NULL,'Shelf barker promotes discount','2012-11-28 16:10:50','2012-11-28 16:17:10','ASDA_Clapham_17.5.12-278.JPG','image/jpeg',1728790,'2012-11-28 16:10:36','',1,'1'),(235,123,21,14,1,1,5,10,NULL,NULL,'Shelf edge promotes new McCain Jackets with money back gaurantee','2012-11-28 16:10:51','2012-11-28 16:17:10','ASDA_Clapham_17.5.12-280.JPG','image/jpeg',2033063,'2012-11-28 16:10:39','',1,'New! Love the oven-baked taste or your money back!'),(236,123,21,22,2,1,21,17,NULL,NULL,'Bulk shipper promotes discount','2012-11-28 16:10:52','2012-11-28 16:17:10','ASDA_Clapham_17.5.12-285.JPG','image/jpeg',1520300,'2012-11-28 16:10:43','',1,'Roll Back'),(237,124,21,27,2,1,14,NULL,NULL,NULL,'FSDU promotes Vinto out of category','2012-11-28 16:10:53','2012-11-28 16:17:10','ASDA_Clapham_17.5.12-283.JPG','image/jpeg',1905947,'2012-11-28 16:10:45','',1,'2'),(238,124,21,38,4,1,10,NULL,NULL,NULL,'Display of Asda financial services at check out','2012-11-28 16:10:55','2012-11-28 16:17:10','ASDA_Clapham_17.5.12-286.JPG','image/jpeg',1808054,'2012-11-28 16:10:48','',1,''),(239,124,21,6,4,1,8,13,NULL,NULL,'Divider promotes Asda price guarantee','2012-11-28 16:19:36','2012-11-28 16:37:02','ASDA_Clapham_17.5.12-287.JPG','image/jpeg',1666330,'2012-11-28 16:19:22','',1,'10% cheaper or we\'ll give you the difference guaranteed'),(240,125,21,27,2,1,21,NULL,NULL,NULL,'Bulk shipper displays Marley\'s drinks','2012-11-28 16:19:37','2012-11-28 16:37:02','ASDA_Clapham_17.5.12-289.JPG','image/jpeg',2070272,'2012-11-28 16:19:25','',1,'Marley\'s Mellow Moods'),(241,125,21,27,1,1,12,17,NULL,NULL,'Gondola end promotes drinks for 1','2012-11-28 16:19:37','2012-11-28 16:37:02','ASDA_Clapham_17.5.12-290.JPG','image/jpeg',1871349,'2012-11-28 16:19:27','',1,''),(242,126,21,7,1,1,11,17,NULL,NULL,'','2012-11-28 16:19:38','2012-11-28 16:37:02','ASDA_Clapham_17.5.12-291.JPG','image/jpeg',1880154,'2012-11-28 16:19:30','',1,'1000s of Roll Backs'),(243,127,21,7,1,1,11,17,NULL,NULL,'Hanging banner promotes 1000s of discounts across the store','2012-11-28 16:19:38','2012-11-28 16:37:02','ASDA_Clapham_17.5.12-292.JPG','image/jpeg',1857236,'2012-11-28 16:19:33','',1,'1000s of Roll Backs'),(244,128,21,4,2,1,18,17,NULL,NULL,'Dump bin with poster promotes discount on Fingers','2012-11-28 16:22:17','2012-11-28 16:37:02','ASDA_Clapham_17.5.12-293.JPG','image/jpeg',2218483,'2012-11-28 16:22:02','',1,'1'),(245,128,21,18,1,1,12,17,NULL,NULL,'Gondola end promotes discounts ','2012-11-27 00:00:00','2012-11-28 16:37:02','ASDA_Clapham_17.5.12-295.JPG','image/jpeg',2245267,'2012-11-28 16:22:05','Nescafe',1,'4, Roll Back'),(246,128,21,1,1,1,5,17,NULL,NULL,'Shelf edge promotes multibuy offer','2012-11-28 16:22:19','2012-11-28 16:44:02','ASDA_Clapham_17.5.12-296.JPG','image/jpeg',2290543,'2012-11-28 16:22:08','',1,'2 for 2.50'),(247,131,21,22,1,1,5,12,NULL,NULL,'Shelf edge promotes multibuy offer on Lynx and shelf barker promotes discount on Original Source and Indulge & Escape','2012-11-28 16:22:21','2012-11-28 16:44:02','ASDA_Clapham_17.5.12-298.JPG','image/jpeg',2021361,'2012-11-28 16:22:10','Original Source, Indulge & Escape',1,'2 for 3, 1'),(248,132,21,22,1,1,5,12,NULL,NULL,'Shelf edge promotes multibuy offer on Palmolive and Radox, and shelf barker promotes discount on Imperial Leather','2012-11-28 16:22:22','2012-11-28 16:44:02','ASDA_Clapham_17.5.12-299.JPG','image/jpeg',2131640,'2012-11-28 16:22:13','Palmolive, Imperial Leather',1,'3 for 3, 1'),(249,133,21,22,1,1,6,17,NULL,NULL,'Shelf barker promotes discount','2012-11-28 16:25:11','2012-11-28 16:44:02','ASDA_Clapham_17.5.12-300.JPG','image/jpeg',2144192,'2012-11-28 16:24:58','',1,'1'),(250,134,21,1,1,1,19,12,NULL,NULL,'Shelf edge and secondary packaging promote multibuy offer','2012-11-28 16:25:12','2012-11-28 16:44:02','ASDA_Clapham_17.5.12-301.JPG','image/jpeg',2459278,'2012-11-28 16:25:00','',1,'Any 4 for 3'),(251,135,21,22,1,1,12,17,NULL,NULL,'Gondola end promotes products for 5','2012-11-28 16:25:13','2012-11-28 16:44:02','ASDA_Clapham_17.5.12-302.JPG','image/jpeg',2089146,'2012-11-28 16:25:03','Dettol,Colgate',1,'5'),(252,NULL,21,25,2,1,12,17,NULL,NULL,'Gondola end promotes multibuy offer and discount on Walkers crisps','2012-11-28 16:25:15','2012-11-28 16:44:02','ASDA_Clapham_17.5.12-303.JPG','image/jpeg',1964225,'2012-11-28 16:25:06','',1,'3 for 3.50, 1'),(253,NULL,21,22,2,1,12,17,NULL,NULL,'Gondola end promotes multibuy offer  ','2012-11-28 16:25:16','2012-11-28 16:44:02','ASDA_Clapham_17.5.12-305.JPG','image/jpeg',2192475,'2012-11-28 16:25:08','',1,'3 for 10'),(254,NULL,21,22,1,1,5,17,NULL,NULL,'Shelf edge and barker promotes discounts on Right Guard and Suremen','2012-11-28 16:48:50','2012-11-28 17:36:34','ASDA_Clapham_17.5.12-307.JPG','image/jpeg',2390907,'2012-11-28 16:48:37','Suremen',1,'Roll Back'),(255,NULL,21,22,1,1,5,12,NULL,NULL,'Multibuy offer across beauty products ','2012-11-28 16:48:51','2012-11-28 17:36:34','ASDA_Clapham_17.5.12-311.JPG','image/jpeg',2076556,'2012-11-28 16:48:40','Aussie, Dove, Herbal Essence, Head and Shoulders, Colgate, Savlon, Simple, King of Shaves',1,'3 for 3'),(256,NULL,21,21,1,1,5,22,NULL,NULL,'Shelf edge endorces dentists\' product recommendation','2012-11-28 16:48:52','2012-11-28 17:36:34','ASDA_Clapham_17.5.12-312.JPG','image/jpeg',2125541,'2012-11-28 16:48:42','',1,'75% of dentists recommend using rechargeable toothbrush'),(257,NULL,21,21,1,1,5,14,NULL,NULL,'Shelf edge provides product information','2012-11-28 16:48:53','2012-11-28 17:36:34','ASDA_Clapham_17.5.12-313.JPG','image/jpeg',2189672,'2012-11-28 16:48:45','',1,'One shade whiter in just one week'),(258,NULL,21,1,1,1,10,15,NULL,NULL,'Leaflet at shelf edge promotes Sensitive toothpaste','2012-11-28 16:48:54','2012-11-28 17:36:34','ASDA_Clapham_17.5.12-314.JPG','image/jpeg',2238187,'2012-11-28 16:48:47','',1,'Take the challenge today'),(259,NULL,21,21,1,1,5,12,NULL,NULL,'Shelf edge promotes multibuy offer','2012-11-28 16:51:46','2012-11-28 17:36:34','ASDA_Clapham_17.5.12-315.JPG','image/jpeg',2484490,'2012-11-28 16:51:31','',1,'2 for 3 '),(260,NULL,21,15,1,1,5,17,NULL,NULL,'Shelf edge promotes discount on Nivea, and shelf barker promotes new Protect product','2012-11-28 16:51:47','2012-11-28 17:36:34','ASDA_Clapham_17.5.12-317.JPG','image/jpeg',2056013,'2012-11-28 16:51:34','Protect',1,'Roll Back, New!'),(261,NULL,21,15,1,1,6,17,NULL,NULL,'Shelf barker promotes discount','2012-11-28 16:51:49','2012-11-28 17:36:34','ASDA_Clapham_17.5.12-318.JPG','image/jpeg',2426167,'2012-11-28 16:51:37','Garnier',1,'Roll Back'),(262,NULL,21,1,1,1,11,13,NULL,NULL,'Hanging banner promotes price gaurantee','2012-11-28 16:51:50','2012-11-28 17:36:34','ASDA_Clapham_17.5.12-319.JPG','image/jpeg',2136394,'2012-11-28 16:51:40','',1,'10% cheaper or we\'ll give you the difference guaranteed'),(263,NULL,21,15,1,1,12,17,NULL,NULL,'Gondola end promotes multibuy offer on Lynx and discount on Garnier','2012-11-28 16:51:51','2012-11-28 17:36:34','ASDA_Clapham_17.5.12-320.JPG','image/jpeg',2294920,'2012-11-28 16:51:43','Garnier',1,'2 for 5, 7'),(264,NULL,21,22,1,1,20,NULL,NULL,NULL,'Parasitic hanger displays Garnier ','2012-11-28 16:54:11','2012-11-28 17:40:41','ASDA_Clapham_17.5.12-322.JPG','image/jpeg',2266580,'2012-11-28 16:53:57','',1,'Garnier Ambre Solaire'),(266,NULL,21,22,1,1,5,17,NULL,NULL,'Shelf edge promotes discount on VO5 and multibuy offer on TreSemme','2012-11-28 16:54:12','2012-11-28 17:36:34','ASDA_Clapham_17.5.12-323.JPG','image/jpeg',2194241,'2012-11-28 16:54:03','',1,'Roll Back, 3 for 10'),(267,NULL,21,22,1,1,6,12,NULL,NULL,'Shelf barker and edge promote multibuy offer on L\'Oreal ','2012-11-28 16:54:13','2012-11-28 17:36:34','ASDA_Clapham_17.5.12-324.JPG','image/jpeg',2150726,'2012-11-28 16:54:05','',1,'2 for 4'),(268,NULL,21,22,1,1,13,NULL,NULL,NULL,'General aisle shot of makeup','2012-11-28 16:54:13','2012-11-28 17:36:34','ASDA_Clapham_17.5.12-325.JPG','image/jpeg',2025823,'2012-11-28 16:54:08','',1,''),(269,NULL,21,7,1,1,14,16,22,NULL,'','2012-11-28 16:59:19','2012-11-28 17:40:40','ASDA_Clapham_17.5.12-327.JPG','image/jpeg',1956705,'2012-11-28 16:59:04','',1,'1, 2'),(270,NULL,21,1,2,1,11,16,NULL,NULL,'Hanging banner promotes baby & Toddler event','2012-11-28 16:59:20','2012-11-28 17:36:34','ASDA_Clapham_17.5.12-329.JPG','image/jpeg',1851215,'2012-11-28 16:59:07','',1,'Baby & Toddler'),(271,NULL,21,1,2,1,11,16,NULL,NULL,'Hanging banner promotes baby & Toddler event','2012-11-28 16:59:20','2012-11-28 17:36:34','ASDA_Clapham_17.5.12-330.JPG','image/jpeg',1747407,'2012-11-28 16:59:10','',1,'Baby & Toddler'),(272,NULL,21,1,1,NULL,NULL,NULL,NULL,NULL,'','2012-11-28 16:59:21','2012-11-28 17:01:52','ASDA_Clapham_17.5.12-330.JPG','image/jpeg',1747407,'2012-11-28 16:59:12','',0,''),(273,NULL,21,12,1,4,13,NULL,NULL,NULL,'General flower category shot','2012-11-28 16:59:22','2012-11-28 17:36:34','ASDA_Clapham_17.5.12-331.JPG','image/jpeg',1822658,'2012-11-28 16:59:15','',1,''),(274,NULL,21,12,1,1,14,17,NULL,NULL,'FSDU with discounts on herbs','2012-11-28 17:01:47','2012-11-28 17:36:34','ASDA_Clapham_17.5.12-336.JPG','image/jpeg',2005099,'2012-11-28 17:01:34','',1,'Roll Back'),(275,NULL,21,11,1,1,12,17,NULL,NULL,'Gondola end promotes discount on dairy products','2012-11-28 17:01:48','2012-11-28 17:36:34','ASDA_Clapham_17.5.12-338.JPG','image/jpeg',2057547,'2012-11-28 17:01:36','Muller, Lurpak',1,'2'),(276,NULL,21,12,1,1,11,14,NULL,NULL,'Hanging banner promotes Cox\'s Apples','2012-11-28 17:01:49','2012-11-28 17:40:41','ASDA_Clapham_17.5.12-340.JPG','image/jpeg',1800144,'2012-11-28 17:01:39','',1,'Cox\'s Apples'),(277,NULL,21,12,1,1,6,10,NULL,NULL,'','2012-11-28 17:01:50','2012-11-28 17:36:34','ASDA_Clapham_17.5.12-341.JPG','image/jpeg',1750530,'2012-11-28 17:01:41','',0,'New! Living Lettuce'),(278,NULL,21,12,1,1,11,14,NULL,NULL,'Hanging banners provide taste information on different fruits','2012-11-28 17:01:51','2012-11-28 17:36:34','ASDA_Clapham_17.5.12-343.JPG','image/jpeg',2018989,'2012-11-28 17:01:44','',1,'Pink Grapefruit, White Grapefruit, Limes, Lemons'),(279,NULL,21,20,1,1,13,NULL,NULL,NULL,'General shot of lunchtime aisle','2012-11-28 17:04:37','2012-11-28 17:36:34','ASDA_Clapham_17.5.12-344.JPG','image/jpeg',2048138,'2012-11-28 17:04:23','Coca-Cola, Fanta, Sprite, Volvic, Oasis, Pepsi, Vimto, Ribena, Tango, Dr Pepper, Fruit Shoot',1,'Food to go!'),(280,NULL,21,4,1,1,14,12,NULL,NULL,'FSDU promote multibuy offer','2012-11-28 17:04:38','2012-11-28 17:36:34','ASDA_Clapham_17.5.12-345.JPG','image/jpeg',2133029,'2012-11-28 17:04:25','',1,'3 for 1.50'),(281,NULL,21,10,2,1,14,25,NULL,NULL,'FSDU with The Sun banner','2012-11-28 17:04:39','2012-11-28 17:36:34','ASDA_Clapham_17.5.12-346.JPG','image/jpeg',1908753,'2012-11-28 17:04:29','',1,'The Sun, Great Stores, Great Value'),(282,NULL,21,13,1,1,11,25,NULL,NULL,'Hanging banner promotes gardening range','2012-11-28 17:04:40','2012-11-28 17:36:34','ASDA_Clapham_17.5.12-347.JPG','image/jpeg',1875194,'2012-11-28 17:04:31','',1,'Let\'s Garden'),(283,NULL,21,6,1,1,18,NULL,NULL,NULL,'Dumpbin displaying Wellington boots ','2012-11-28 17:04:40','2012-11-28 17:36:34','ASDA_Clapham_17.5.12-350.JPG','image/jpeg',1895402,'2012-11-28 17:04:34','',1,''),(284,NULL,21,22,1,1,5,14,NULL,NULL,'Shelf edge promotes Neutrogena','2012-11-28 17:55:56','2012-11-28 17:59:17','ASDA_Clapham_17.5.12-326.JPG','image/jpeg',1849632,'2012-11-28 17:55:48','',1,'Effective treatment for dandruff'),(285,NULL,21,12,1,1,6,9,NULL,NULL,'Hanging banner promotes 5 a day products','2012-11-28 17:55:57','2012-11-28 17:59:17','ASDA_Clapham_17.5.12-333.JPG','image/jpeg',1815032,'2012-11-28 17:55:51','',1,'Look out for the 5 a day logo'),(286,NULL,22,1,5,4,2,10,NULL,NULL,'Homepage promotes Kindle Fire launch','2012-11-29 11:18:00','2012-11-29 16:54:10','Amazon.jpg','image/jpeg',369813,'2012-11-29 11:18:55','',1,'Introducing the All-New Kindle Fire Family');
/*!40000 ALTER TABLE "photos" ENABLE KEYS */;
UNLOCK TABLES;

--
-- Table structure for table "promotion_calendars"
--

DROP TABLE IF EXISTS "promotion_calendars";
/*!40101 SET @saved_cs_client     = @@character_set_client */;
/*!40101 SET character_set_client = utf8 */;
CREATE TABLE "promotion_calendars" (
  "id" int(11) NOT NULL,
  "name" varchar(255) COLLATE utf8_unicode_ci DEFAULT NULL,
  "description" text COLLATE utf8_unicode_ci,
  "created_at" datetime NOT NULL,
  "updated_at" datetime NOT NULL,
  PRIMARY KEY ("id")
);
/*!40101 SET character_set_client = @saved_cs_client */;

--
-- Dumping data for table "promotion_calendars"
--

LOCK TABLES "promotion_calendars" WRITE;
/*!40000 ALTER TABLE "promotion_calendars" DISABLE KEYS */;
INSERT INTO "promotion_calendars" VALUES (1,'Back to School','','2012-11-02 00:26:51','2012-11-02 00:26:51'),(2,'Bank Holiday','','2012-11-02 00:26:51','2012-11-02 00:26:51'),(3,'Bonfire Night','','2012-11-02 00:26:51','2012-11-02 00:26:51'),(4,'Chinese New Year','','2012-11-02 00:26:51','2012-11-02 00:26:51'),(5,'Christmas','','2012-11-02 00:26:51','2012-11-02 00:26:51'),(6,'Easter','','2012-11-02 00:26:51','2012-11-02 00:26:51'),(7,'Euro 2012','','2012-11-02 00:26:51','2012-11-02 00:26:51'),(8,'Fair trade Fortnight','','2012-11-02 00:26:51','2012-11-02 00:26:51'),(9,'Fathers Day','','2012-11-02 00:26:51','2012-11-02 00:26:51'),(10,'Halloween','','2012-11-02 00:26:51','2012-11-02 00:26:51'),(11,'January Sales','','2012-11-02 00:26:51','2012-11-02 00:26:51'),(12,'Diamond Jubilee','','2012-11-02 00:26:51','2012-11-02 00:26:51'),(13,'London Olympics 2012','','2012-11-02 00:26:51','2012-11-02 00:26:51'),(14,'May Bank Holiday','','2012-11-02 00:26:51','2012-11-02 00:26:51'),(15,'Mothering Sunday','','2012-11-02 00:26:51','2012-11-02 00:26:51'),(16,'New Year','','2012-11-02 00:26:51','2012-11-02 00:26:51'),(17,'Pancake Day','','2012-11-02 00:26:51','2012-11-02 00:26:51'),(18,'Sports Relief','','2012-11-02 00:26:51','2012-11-02 00:26:51'),(19,'Spring Promotions','','2012-11-02 00:26:51','2012-11-02 00:26:51'),(20,'St Patricks Day','','2012-11-02 00:26:51','2012-11-02 00:26:51'),(21,'Summer bank holiday ','','2012-11-02 00:26:51','2012-11-02 00:26:51'),(22,'Summer Holiday','','2012-11-02 00:26:51','2012-11-02 00:26:51'),(23,'Thanksgiving','','2012-11-02 00:26:51','2012-11-02 00:26:51'),(24,'Valentines Day','','2012-11-02 00:26:51','2012-11-02 00:26:51');
/*!40000 ALTER TABLE "promotion_calendars" ENABLE KEYS */;
UNLOCK TABLES;

--
-- Table structure for table "promotion_types"
--

DROP TABLE IF EXISTS "promotion_types";
/*!40101 SET @saved_cs_client     = @@character_set_client */;
/*!40101 SET character_set_client = utf8 */;
CREATE TABLE "promotion_types" (
  "id" int(11) NOT NULL,
  "name" varchar(255) COLLATE utf8_unicode_ci DEFAULT NULL,
  "description" text COLLATE utf8_unicode_ci,
  "created_at" datetime NOT NULL,
  "updated_at" datetime NOT NULL,
  PRIMARY KEY ("id")
);
/*!40101 SET character_set_client = @saved_cs_client */;

--
-- Dumping data for table "promotion_types"
--

LOCK TABLES "promotion_types" WRITE;
/*!40000 ALTER TABLE "promotion_types" DISABLE KEYS */;
INSERT INTO "promotion_types" VALUES (1,'Cash refund','','2012-11-02 00:26:51','2012-11-02 00:26:51'),(2,'Competition - skill based','','2012-11-02 00:26:51','2012-11-02 00:26:51'),(3,'Competition - skill based','','2012-11-02 00:26:51','2012-11-02 00:26:51'),(4,'Extra free','','2012-11-02 00:26:51','2012-11-02 00:26:51'),(5,'Free prize draw - non skill based','','2012-11-02 00:26:51','2012-11-02 00:26:51'),(6,'Instant wins','','2012-11-02 00:26:51','2012-11-02 00:26:51'),(7,'Jumbo packs','','2012-11-02 00:26:51','2012-11-02 00:26:51'),(8,'Environmental/social/ ethical','','2012-11-02 00:26:51','2012-11-02 00:26:51'),(9,'Health','','2012-11-02 00:26:51','2012-11-02 00:26:51'),(10,'Launch / new product','','2012-11-02 00:26:51','2012-11-02 00:26:51'),(11,'Licensing tie in (movie/sports property)','','2012-11-02 00:26:51','2012-11-02 00:26:51'),(12,'Multibuy','','2012-11-02 00:26:51','2012-11-02 00:26:51'),(13,'Price comparison','','2012-11-02 00:26:51','2012-11-02 00:26:51'),(14,'Product information','','2012-11-02 00:26:51','2012-11-02 00:26:51'),(15,'Satisfaction challenge','','2012-11-02 00:26:51','2012-11-02 00:26:51'),(16,'Seasonal','','2012-11-02 00:26:51','2012-11-02 00:26:51'),(17,'Discount','','2012-11-02 00:26:51','2012-11-02 00:26:51'),(18,'Premium incentive (gift)','','2012-11-02 00:26:51','2012-11-02 00:26:51'),(19,'Free trial (enclosed/attached)','','2012-11-02 00:26:51','2012-11-02 00:26:51'),(20,'Loyalty','','2012-11-02 00:26:51','2012-11-02 00:26:51'),(21,'Experiential/sampling','','2012-11-02 00:26:51','2012-11-02 00:26:51'),(22,'Endorsement','','2012-11-02 00:26:51','2012-11-02 00:26:51'),(23,'Bespoke product/limited edition','','2012-11-02 00:26:51','2012-11-02 00:26:51'),(24,'Collector scheme','','2012-11-02 00:26:51','2012-11-02 00:26:51'),(25,'Self promotion','','2012-11-02 00:26:51','2012-11-02 00:26:51'),(26,'Image only','','2012-11-02 00:26:51','2012-11-02 00:26:51'),(27,'Award recognition','','2012-11-02 00:26:51','2012-11-02 00:26:51');
/*!40000 ALTER TABLE "promotion_types" ENABLE KEYS */;
UNLOCK TABLES;

--
-- Table structure for table "promotiontypes"
--

DROP TABLE IF EXISTS "promotiontypes";
/*!40101 SET @saved_cs_client     = @@character_set_client */;
/*!40101 SET character_set_client = utf8 */;
CREATE TABLE "promotiontypes" (
  "id" int(11) NOT NULL,
  "photo_id" int(11) DEFAULT NULL,
  "promotion_type_id" int(11) DEFAULT NULL,
  "created_at" datetime NOT NULL,
  "updated_at" datetime NOT NULL,
  PRIMARY KEY ("id")
);
/*!40101 SET character_set_client = @saved_cs_client */;

--
-- Dumping data for table "promotiontypes"
--

LOCK TABLES "promotiontypes" WRITE;
/*!40000 ALTER TABLE "promotiontypes" DISABLE KEYS */;
INSERT INTO "promotiontypes" VALUES (1,29,NULL,'0000-00-00 00:00:00','0000-00-00 00:00:00'),(2,38,NULL,'0000-00-00 00:00:00','0000-00-00 00:00:00'),(3,39,NULL,'0000-00-00 00:00:00','0000-00-00 00:00:00'),(4,41,NULL,'0000-00-00 00:00:00','0000-00-00 00:00:00'),(5,42,NULL,'0000-00-00 00:00:00','0000-00-00 00:00:00'),(6,43,NULL,'0000-00-00 00:00:00','0000-00-00 00:00:00'),(7,44,NULL,'0000-00-00 00:00:00','0000-00-00 00:00:00'),(8,48,NULL,'0000-00-00 00:00:00','0000-00-00 00:00:00'),(9,51,NULL,'0000-00-00 00:00:00','0000-00-00 00:00:00'),(10,54,NULL,'0000-00-00 00:00:00','0000-00-00 00:00:00'),(11,55,NULL,'0000-00-00 00:00:00','0000-00-00 00:00:00'),(12,63,NULL,'0000-00-00 00:00:00','0000-00-00 00:00:00'),(13,84,NULL,'0000-00-00 00:00:00','0000-00-00 00:00:00'),(14,87,NULL,'0000-00-00 00:00:00','0000-00-00 00:00:00'),(15,100,NULL,'0000-00-00 00:00:00','0000-00-00 00:00:00'),(16,105,NULL,'0000-00-00 00:00:00','0000-00-00 00:00:00'),(17,109,NULL,'0000-00-00 00:00:00','0000-00-00 00:00:00'),(18,110,NULL,'0000-00-00 00:00:00','0000-00-00 00:00:00'),(19,118,NULL,'0000-00-00 00:00:00','0000-00-00 00:00:00'),(20,136,NULL,'0000-00-00 00:00:00','0000-00-00 00:00:00'),(21,137,NULL,'0000-00-00 00:00:00','0000-00-00 00:00:00'),(22,151,NULL,'0000-00-00 00:00:00','0000-00-00 00:00:00'),(23,152,NULL,'0000-00-00 00:00:00','0000-00-00 00:00:00'),(24,153,NULL,'0000-00-00 00:00:00','0000-00-00 00:00:00'),(25,156,NULL,'0000-00-00 00:00:00','0000-00-00 00:00:00'),(26,190,NULL,'0000-00-00 00:00:00','0000-00-00 00:00:00'),(27,191,NULL,'0000-00-00 00:00:00','0000-00-00 00:00:00'),(28,192,NULL,'0000-00-00 00:00:00','0000-00-00 00:00:00'),(29,196,NULL,'0000-00-00 00:00:00','0000-00-00 00:00:00'),(30,200,NULL,'0000-00-00 00:00:00','0000-00-00 00:00:00'),(31,210,NULL,'0000-00-00 00:00:00','0000-00-00 00:00:00'),(32,211,NULL,'0000-00-00 00:00:00','0000-00-00 00:00:00'),(33,216,NULL,'0000-00-00 00:00:00','0000-00-00 00:00:00'),(34,217,NULL,'0000-00-00 00:00:00','0000-00-00 00:00:00'),(35,224,NULL,'0000-00-00 00:00:00','0000-00-00 00:00:00'),(36,227,NULL,'0000-00-00 00:00:00','0000-00-00 00:00:00'),(37,228,NULL,'0000-00-00 00:00:00','0000-00-00 00:00:00'),(38,237,NULL,'0000-00-00 00:00:00','0000-00-00 00:00:00'),(39,238,NULL,'0000-00-00 00:00:00','0000-00-00 00:00:00'),(40,240,NULL,'0000-00-00 00:00:00','0000-00-00 00:00:00'),(41,264,NULL,'0000-00-00 00:00:00','0000-00-00 00:00:00'),(42,268,NULL,'0000-00-00 00:00:00','0000-00-00 00:00:00'),(43,272,NULL,'0000-00-00 00:00:00','0000-00-00 00:00:00'),(44,273,NULL,'0000-00-00 00:00:00','0000-00-00 00:00:00'),(45,279,NULL,'0000-00-00 00:00:00','0000-00-00 00:00:00'),(46,283,NULL,'0000-00-00 00:00:00','0000-00-00 00:00:00'),(47,32,4,'0000-00-00 00:00:00','0000-00-00 00:00:00'),(48,206,5,'0000-00-00 00:00:00','0000-00-00 00:00:00'),(49,116,9,'0000-00-00 00:00:00','0000-00-00 00:00:00'),(50,117,9,'0000-00-00 00:00:00','0000-00-00 00:00:00'),(51,285,9,'0000-00-00 00:00:00','0000-00-00 00:00:00'),(52,36,10,'0000-00-00 00:00:00','0000-00-00 00:00:00'),(53,66,10,'0000-00-00 00:00:00','0000-00-00 00:00:00'),(54,70,10,'0000-00-00 00:00:00','0000-00-00 00:00:00'),(55,73,10,'0000-00-00 00:00:00','0000-00-00 00:00:00'),(56,74,10,'0000-00-00 00:00:00','0000-00-00 00:00:00'),(57,81,10,'0000-00-00 00:00:00','0000-00-00 00:00:00'),(58,111,10,'0000-00-00 00:00:00','0000-00-00 00:00:00'),(59,133,10,'0000-00-00 00:00:00','0000-00-00 00:00:00'),(60,149,10,'0000-00-00 00:00:00','0000-00-00 00:00:00'),(61,150,10,'0000-00-00 00:00:00','0000-00-00 00:00:00'),(62,157,10,'0000-00-00 00:00:00','0000-00-00 00:00:00'),(63,175,10,'0000-00-00 00:00:00','0000-00-00 00:00:00'),(64,182,10,'0000-00-00 00:00:00','0000-00-00 00:00:00'),(65,187,10,'0000-00-00 00:00:00','0000-00-00 00:00:00'),(66,209,10,'0000-00-00 00:00:00','0000-00-00 00:00:00'),(67,212,10,'0000-00-00 00:00:00','0000-00-00 00:00:00'),(68,235,10,'0000-00-00 00:00:00','0000-00-00 00:00:00'),(69,277,10,'0000-00-00 00:00:00','0000-00-00 00:00:00'),(71,69,12,'0000-00-00 00:00:00','0000-00-00 00:00:00'),(72,94,12,'0000-00-00 00:00:00','0000-00-00 00:00:00'),(73,95,12,'0000-00-00 00:00:00','0000-00-00 00:00:00'),(74,97,12,'0000-00-00 00:00:00','0000-00-00 00:00:00'),(75,99,12,'0000-00-00 00:00:00','0000-00-00 00:00:00'),(76,112,12,'0000-00-00 00:00:00','0000-00-00 00:00:00'),(77,122,12,'0000-00-00 00:00:00','0000-00-00 00:00:00'),(78,126,12,'0000-00-00 00:00:00','0000-00-00 00:00:00'),(79,127,12,'0000-00-00 00:00:00','0000-00-00 00:00:00'),(80,128,12,'0000-00-00 00:00:00','0000-00-00 00:00:00'),(81,145,12,'0000-00-00 00:00:00','0000-00-00 00:00:00'),(82,148,12,'0000-00-00 00:00:00','0000-00-00 00:00:00'),(83,154,12,'0000-00-00 00:00:00','0000-00-00 00:00:00'),(84,158,12,'0000-00-00 00:00:00','0000-00-00 00:00:00'),(85,176,12,'0000-00-00 00:00:00','0000-00-00 00:00:00'),(86,179,12,'0000-00-00 00:00:00','0000-00-00 00:00:00'),(87,180,12,'0000-00-00 00:00:00','0000-00-00 00:00:00'),(88,181,12,'0000-00-00 00:00:00','0000-00-00 00:00:00'),(89,201,12,'0000-00-00 00:00:00','0000-00-00 00:00:00'),(90,203,12,'0000-00-00 00:00:00','0000-00-00 00:00:00'),(91,204,12,'0000-00-00 00:00:00','0000-00-00 00:00:00'),(92,208,12,'0000-00-00 00:00:00','0000-00-00 00:00:00'),(93,225,12,'0000-00-00 00:00:00','0000-00-00 00:00:00'),(94,247,12,'0000-00-00 00:00:00','0000-00-00 00:00:00'),(95,248,12,'0000-00-00 00:00:00','0000-00-00 00:00:00'),(96,250,12,'0000-00-00 00:00:00','0000-00-00 00:00:00'),(97,255,12,'0000-00-00 00:00:00','0000-00-00 00:00:00'),(98,259,12,'0000-00-00 00:00:00','0000-00-00 00:00:00'),(99,267,12,'0000-00-00 00:00:00','0000-00-00 00:00:00'),(100,280,12,'0000-00-00 00:00:00','0000-00-00 00:00:00'),(101,72,13,'0000-00-00 00:00:00','0000-00-00 00:00:00'),(102,194,13,'0000-00-00 00:00:00','0000-00-00 00:00:00'),(103,239,13,'0000-00-00 00:00:00','0000-00-00 00:00:00'),(104,262,13,'0000-00-00 00:00:00','0000-00-00 00:00:00'),(105,96,14,'0000-00-00 00:00:00','0000-00-00 00:00:00'),(106,123,14,'0000-00-00 00:00:00','0000-00-00 00:00:00'),(107,134,14,'0000-00-00 00:00:00','0000-00-00 00:00:00'),(108,135,14,'0000-00-00 00:00:00','0000-00-00 00:00:00'),(109,164,14,'0000-00-00 00:00:00','0000-00-00 00:00:00'),(110,219,14,'0000-00-00 00:00:00','0000-00-00 00:00:00'),(111,220,14,'0000-00-00 00:00:00','0000-00-00 00:00:00'),(112,257,14,'0000-00-00 00:00:00','0000-00-00 00:00:00'),(113,276,14,'0000-00-00 00:00:00','0000-00-00 00:00:00'),(114,278,14,'0000-00-00 00:00:00','0000-00-00 00:00:00'),(115,284,14,'0000-00-00 00:00:00','0000-00-00 00:00:00'),(116,258,15,'0000-00-00 00:00:00','0000-00-00 00:00:00'),(117,45,16,'0000-00-00 00:00:00','0000-00-00 00:00:00'),(118,46,16,'0000-00-00 00:00:00','0000-00-00 00:00:00'),(119,47,16,'0000-00-00 00:00:00','0000-00-00 00:00:00'),(120,49,16,'0000-00-00 00:00:00','0000-00-00 00:00:00'),(121,50,16,'0000-00-00 00:00:00','0000-00-00 00:00:00'),(122,57,16,'0000-00-00 00:00:00','0000-00-00 00:00:00'),(123,59,16,'0000-00-00 00:00:00','0000-00-00 00:00:00'),(124,60,16,'0000-00-00 00:00:00','0000-00-00 00:00:00'),(125,143,16,'0000-00-00 00:00:00','0000-00-00 00:00:00'),(126,269,16,'0000-00-00 00:00:00','0000-00-00 00:00:00'),(127,270,16,'0000-00-00 00:00:00','0000-00-00 00:00:00'),(128,271,16,'0000-00-00 00:00:00','0000-00-00 00:00:00'),(129,30,17,'0000-00-00 00:00:00','0000-00-00 00:00:00'),(130,31,17,'0000-00-00 00:00:00','0000-00-00 00:00:00'),(131,35,17,'0000-00-00 00:00:00','0000-00-00 00:00:00'),(132,53,17,'0000-00-00 00:00:00','0000-00-00 00:00:00'),(133,56,17,'0000-00-00 00:00:00','0000-00-00 00:00:00'),(134,58,17,'0000-00-00 00:00:00','0000-00-00 00:00:00'),(135,61,17,'0000-00-00 00:00:00','0000-00-00 00:00:00'),(136,64,17,'0000-00-00 00:00:00','0000-00-00 00:00:00'),(137,65,17,'0000-00-00 00:00:00','0000-00-00 00:00:00'),(138,67,17,'0000-00-00 00:00:00','0000-00-00 00:00:00'),(139,68,17,'0000-00-00 00:00:00','0000-00-00 00:00:00'),(140,71,17,'0000-00-00 00:00:00','0000-00-00 00:00:00'),(141,75,17,'0000-00-00 00:00:00','0000-00-00 00:00:00'),(142,76,17,'0000-00-00 00:00:00','0000-00-00 00:00:00'),(143,77,17,'0000-00-00 00:00:00','0000-00-00 00:00:00'),(144,78,17,'0000-00-00 00:00:00','0000-00-00 00:00:00'),(145,79,17,'0000-00-00 00:00:00','0000-00-00 00:00:00'),(146,80,17,'0000-00-00 00:00:00','0000-00-00 00:00:00'),(147,82,17,'0000-00-00 00:00:00','0000-00-00 00:00:00'),(148,85,17,'0000-00-00 00:00:00','0000-00-00 00:00:00'),(149,88,17,'0000-00-00 00:00:00','0000-00-00 00:00:00'),(150,89,17,'0000-00-00 00:00:00','0000-00-00 00:00:00'),(151,90,17,'0000-00-00 00:00:00','0000-00-00 00:00:00'),(152,91,17,'0000-00-00 00:00:00','0000-00-00 00:00:00'),(153,93,17,'0000-00-00 00:00:00','0000-00-00 00:00:00'),(154,98,17,'0000-00-00 00:00:00','0000-00-00 00:00:00'),(155,102,17,'0000-00-00 00:00:00','0000-00-00 00:00:00'),(156,103,17,'0000-00-00 00:00:00','0000-00-00 00:00:00'),(157,104,17,'0000-00-00 00:00:00','0000-00-00 00:00:00'),(158,106,17,'0000-00-00 00:00:00','0000-00-00 00:00:00'),(159,113,17,'0000-00-00 00:00:00','0000-00-00 00:00:00'),(160,114,17,'0000-00-00 00:00:00','0000-00-00 00:00:00'),(161,115,17,'0000-00-00 00:00:00','0000-00-00 00:00:00'),(162,119,17,'0000-00-00 00:00:00','0000-00-00 00:00:00'),(163,120,17,'0000-00-00 00:00:00','0000-00-00 00:00:00'),(164,129,17,'0000-00-00 00:00:00','0000-00-00 00:00:00'),(165,130,17,'0000-00-00 00:00:00','0000-00-00 00:00:00'),(166,131,17,'0000-00-00 00:00:00','0000-00-00 00:00:00'),(167,132,17,'0000-00-00 00:00:00','0000-00-00 00:00:00'),(168,138,17,'0000-00-00 00:00:00','0000-00-00 00:00:00'),(169,139,17,'0000-00-00 00:00:00','0000-00-00 00:00:00'),(170,140,17,'0000-00-00 00:00:00','0000-00-00 00:00:00'),(171,144,17,'0000-00-00 00:00:00','0000-00-00 00:00:00'),(172,146,17,'0000-00-00 00:00:00','0000-00-00 00:00:00'),(173,147,17,'0000-00-00 00:00:00','0000-00-00 00:00:00'),(174,155,17,'0000-00-00 00:00:00','0000-00-00 00:00:00'),(175,159,17,'0000-00-00 00:00:00','0000-00-00 00:00:00'),(176,160,17,'0000-00-00 00:00:00','0000-00-00 00:00:00'),(177,161,17,'0000-00-00 00:00:00','0000-00-00 00:00:00'),(178,162,17,'0000-00-00 00:00:00','0000-00-00 00:00:00'),(179,163,17,'0000-00-00 00:00:00','0000-00-00 00:00:00'),(180,165,17,'0000-00-00 00:00:00','0000-00-00 00:00:00'),(181,166,17,'0000-00-00 00:00:00','0000-00-00 00:00:00'),(182,167,17,'0000-00-00 00:00:00','0000-00-00 00:00:00'),(183,168,17,'0000-00-00 00:00:00','0000-00-00 00:00:00'),(184,169,17,'0000-00-00 00:00:00','0000-00-00 00:00:00'),(185,170,17,'0000-00-00 00:00:00','0000-00-00 00:00:00'),(186,171,17,'0000-00-00 00:00:00','0000-00-00 00:00:00'),(187,172,17,'0000-00-00 00:00:00','0000-00-00 00:00:00'),(188,173,17,'0000-00-00 00:00:00','0000-00-00 00:00:00'),(189,174,17,'0000-00-00 00:00:00','0000-00-00 00:00:00'),(190,177,17,'0000-00-00 00:00:00','0000-00-00 00:00:00'),(191,178,17,'0000-00-00 00:00:00','0000-00-00 00:00:00'),(192,183,17,'0000-00-00 00:00:00','0000-00-00 00:00:00'),(193,184,17,'0000-00-00 00:00:00','0000-00-00 00:00:00'),(194,185,17,'0000-00-00 00:00:00','0000-00-00 00:00:00'),(195,186,17,'0000-00-00 00:00:00','0000-00-00 00:00:00'),(196,188,17,'0000-00-00 00:00:00','0000-00-00 00:00:00'),(197,189,17,'0000-00-00 00:00:00','0000-00-00 00:00:00'),(198,193,17,'0000-00-00 00:00:00','0000-00-00 00:00:00'),(199,195,17,'0000-00-00 00:00:00','0000-00-00 00:00:00'),(200,197,17,'0000-00-00 00:00:00','0000-00-00 00:00:00'),(201,198,17,'0000-00-00 00:00:00','0000-00-00 00:00:00'),(202,199,17,'0000-00-00 00:00:00','0000-00-00 00:00:00'),(203,205,17,'0000-00-00 00:00:00','0000-00-00 00:00:00'),(204,213,17,'0000-00-00 00:00:00','0000-00-00 00:00:00'),(205,214,17,'0000-00-00 00:00:00','0000-00-00 00:00:00'),(206,215,17,'0000-00-00 00:00:00','0000-00-00 00:00:00'),(207,218,17,'0000-00-00 00:00:00','0000-00-00 00:00:00'),(208,221,17,'0000-00-00 00:00:00','0000-00-00 00:00:00'),(209,222,17,'0000-00-00 00:00:00','0000-00-00 00:00:00'),(210,223,17,'0000-00-00 00:00:00','0000-00-00 00:00:00'),(211,226,17,'0000-00-00 00:00:00','0000-00-00 00:00:00'),(212,234,17,'0000-00-00 00:00:00','0000-00-00 00:00:00'),(213,236,17,'0000-00-00 00:00:00','0000-00-00 00:00:00'),(214,241,17,'0000-00-00 00:00:00','0000-00-00 00:00:00'),(215,242,17,'0000-00-00 00:00:00','0000-00-00 00:00:00'),(216,243,17,'0000-00-00 00:00:00','0000-00-00 00:00:00'),(217,244,17,'0000-00-00 00:00:00','0000-00-00 00:00:00'),(218,245,17,'0000-00-00 00:00:00','0000-00-00 00:00:00'),(219,246,17,'0000-00-00 00:00:00','0000-00-00 00:00:00'),(220,249,17,'0000-00-00 00:00:00','0000-00-00 00:00:00'),(221,251,17,'0000-00-00 00:00:00','0000-00-00 00:00:00'),(222,252,17,'0000-00-00 00:00:00','0000-00-00 00:00:00'),(223,253,17,'0000-00-00 00:00:00','0000-00-00 00:00:00'),(224,254,17,'0000-00-00 00:00:00','0000-00-00 00:00:00'),(225,260,17,'0000-00-00 00:00:00','0000-00-00 00:00:00'),(226,261,17,'0000-00-00 00:00:00','0000-00-00 00:00:00'),(227,263,17,'0000-00-00 00:00:00','0000-00-00 00:00:00'),(228,266,17,'0000-00-00 00:00:00','0000-00-00 00:00:00'),(229,274,17,'0000-00-00 00:00:00','0000-00-00 00:00:00'),(230,275,17,'0000-00-00 00:00:00','0000-00-00 00:00:00'),(231,83,20,'0000-00-00 00:00:00','0000-00-00 00:00:00'),(232,101,20,'0000-00-00 00:00:00','0000-00-00 00:00:00'),(233,107,20,'0000-00-00 00:00:00','0000-00-00 00:00:00'),(234,108,20,'0000-00-00 00:00:00','0000-00-00 00:00:00'),(235,124,22,'0000-00-00 00:00:00','0000-00-00 00:00:00'),(236,256,22,'0000-00-00 00:00:00','0000-00-00 00:00:00'),(237,202,23,'0000-00-00 00:00:00','0000-00-00 00:00:00'),(238,207,24,'0000-00-00 00:00:00','0000-00-00 00:00:00'),(239,33,25,'0000-00-00 00:00:00','0000-00-00 00:00:00'),(240,37,25,'0000-00-00 00:00:00','0000-00-00 00:00:00'),(241,40,25,'0000-00-00 00:00:00','0000-00-00 00:00:00'),(242,52,25,'0000-00-00 00:00:00','0000-00-00 00:00:00'),(243,86,25,'0000-00-00 00:00:00','0000-00-00 00:00:00'),(244,92,25,'0000-00-00 00:00:00','0000-00-00 00:00:00'),(245,141,25,'0000-00-00 00:00:00','0000-00-00 00:00:00'),(246,142,25,'0000-00-00 00:00:00','0000-00-00 00:00:00'),(247,281,25,'0000-00-00 00:00:00','0000-00-00 00:00:00'),(248,282,25,'0000-00-00 00:00:00','0000-00-00 00:00:00'),(249,121,27,'0000-00-00 00:00:00','0000-00-00 00:00:00'),(250,125,27,'0000-00-00 00:00:00','0000-00-00 00:00:00');
/*!40000 ALTER TABLE "promotiontypes" ENABLE KEYS */;
UNLOCK TABLES;

--
-- Table structure for table "retailers"
--

DROP TABLE IF EXISTS "retailers";
/*!40101 SET @saved_cs_client     = @@character_set_client */;
/*!40101 SET character_set_client = utf8 */;
CREATE TABLE "retailers" (
  "id" int(11) NOT NULL,
  "name" varchar(255) COLLATE utf8_unicode_ci DEFAULT NULL,
  "sector_id" int(11) DEFAULT NULL,
  "description" text COLLATE utf8_unicode_ci,
  "created_at" datetime NOT NULL,
  "updated_at" datetime NOT NULL,
  PRIMARY KEY ("id"),
  KEY "index_retailers_on_sector_id" ("sector_id")
);
/*!40101 SET character_set_client = @saved_cs_client */;

--
-- Dumping data for table "retailers"
--

LOCK TABLES "retailers" WRITE;
/*!40000 ALTER TABLE "retailers" DISABLE KEYS */;
INSERT INTO "retailers" VALUES (1,'Automotive',1,NULL,'2012-11-02 00:26:44','2012-11-02 00:26:44'),(2,'Game',3,NULL,'2012-11-02 00:26:44','2012-11-02 00:26:44'),(3,'Gamestation',5,NULL,'2012-11-02 00:26:44','2012-11-02 00:26:44'),(4,'HMV',7,NULL,'2012-11-02 00:26:44','2012-11-02 00:26:44'),(5,'Rymans',2,NULL,'2012-11-02 00:26:44','2012-11-02 00:26:44'),(6,'Staples',2,NULL,'2012-11-02 00:26:44','2012-11-02 00:26:44'),(7,'WH Smith',2,NULL,'2012-11-02 00:26:44','2012-11-02 00:26:44'),(8,'BP',1,NULL,'2012-11-02 00:26:44','2012-11-02 00:26:44'),(9,'Budgens',10,'','2012-11-02 00:26:44','2012-11-22 17:48:17'),(10,'Costcutter',1,NULL,'2012-11-02 00:26:44','2012-11-02 00:26:44'),(11,'Esso',1,NULL,'2012-11-02 00:26:44','2012-11-02 00:26:44'),(12,'Nisa',3,NULL,'2012-11-02 00:26:44','2012-11-02 00:26:44'),(13,'Sainsbury\'s local',3,NULL,'2012-11-02 00:26:44','2012-11-02 00:26:44'),(14,'Shell',1,NULL,'2012-11-02 00:26:44','2012-11-02 00:26:44'),(15,'Spar',4,NULL,'2012-11-02 00:26:44','2012-11-02 00:26:44'),(16,'Tesco Express',4,NULL,'2012-11-02 00:26:44','2012-11-02 00:26:44'),(17,'Total',1,NULL,'2012-11-02 00:26:44','2012-11-02 00:26:44'),(18,'Argos',4,NULL,'2012-11-02 00:26:44','2012-11-02 00:26:44'),(19,'Debenhams',5,'','2012-11-02 00:26:44','2012-11-23 00:24:29'),(20,'M&S',4,NULL,'2012-11-02 00:26:44','2012-11-02 00:26:44'),(21,'B&Q',6,NULL,'2012-11-02 00:26:44','2012-11-02 00:26:44'),(22,'Homebase',6,NULL,'2012-11-02 00:26:44','2012-11-02 00:26:44'),(23,'IKEA',6,NULL,'2012-11-02 00:26:44','2012-11-02 00:26:44'),(24,'Comet',7,NULL,'2012-11-02 00:26:44','2012-11-02 00:26:44'),(25,'Currys',7,NULL,'2012-11-02 00:26:44','2012-11-02 00:26:44'),(26,'Currys.digital',7,NULL,'2012-11-02 00:26:44','2012-11-02 00:26:44'),(27,'PC World',7,NULL,'2012-11-02 00:26:44','2012-11-02 00:26:44'),(28,'3 Store',3,NULL,'2012-11-02 00:26:44','2012-11-02 00:26:44'),(29,'Carphone',3,NULL,'2012-11-02 00:26:44','2012-11-02 00:26:44'),(30,'O2',3,NULL,'2012-11-02 00:26:44','2012-11-02 00:26:44'),(31,'Orange',3,NULL,'2012-11-02 00:26:44','2012-11-02 00:26:44'),(32,'Phones 4u',3,NULL,'2012-11-02 00:26:44','2012-11-02 00:26:44'),(33,'T Mobile',3,NULL,'2012-11-02 00:26:44','2012-11-02 00:26:44'),(34,'Virgin Mobile',3,NULL,'2012-11-02 00:26:44','2012-11-02 00:26:44'),(35,'Vodafone',3,NULL,'2012-11-02 00:26:44','2012-11-02 00:26:44'),(36,'Barclays',9,NULL,'2012-11-02 00:26:44','2012-11-02 00:26:44'),(37,'Halifax',9,NULL,'2012-11-02 00:26:44','2012-11-02 00:26:44'),(38,'HSBC',9,'','2012-11-02 00:26:44','2012-11-07 14:23:04'),(39,'Lloyds',3,NULL,'2012-11-02 00:26:44','2012-11-02 00:26:44'),(40,'NatWest',3,NULL,'2012-11-02 00:26:44','2012-11-02 00:26:44'),(41,'RBS',9,NULL,'2012-11-02 00:26:44','2012-11-02 00:26:44'),(42,'Santander',9,NULL,'2012-11-02 00:26:44','2012-11-02 00:26:44'),(43,'Aldi',10,'','2012-11-02 00:26:44','2012-11-22 17:05:21'),(44,'Asda',10,'','2012-11-02 00:26:44','2012-11-22 17:31:47'),(45,'Co op',4,NULL,'2012-11-02 00:26:44','2012-11-02 00:26:44'),(46,'Farm Foods',4,NULL,'2012-11-02 00:26:44','2012-11-02 00:26:44'),(47,'Iceland',4,NULL,'2012-11-02 00:26:44','2012-11-02 00:26:44'),(48,'M&S food',4,NULL,'2012-11-02 00:26:44','2012-11-02 00:26:44'),(49,'Lidl',4,NULL,'2012-11-02 00:26:44','2012-11-02 00:26:44'),(50,'Morrisons',3,NULL,'2012-11-02 00:26:44','2012-11-02 00:26:44'),(51,'Netto',3,NULL,'2012-11-02 00:26:44','2012-11-02 00:26:44'),(52,'Sainsburys',4,NULL,'2012-11-02 00:26:44','2012-11-02 00:26:44'),(53,'Tesco',4,NULL,'2012-11-02 00:26:44','2012-11-02 00:26:44'),(54,'Waitrose',3,NULL,'2012-11-02 00:26:44','2012-11-02 00:26:44'),(55,'Boots',3,NULL,'2012-11-02 00:26:44','2012-11-02 00:26:44'),(56,'Superdrug',4,NULL,'2012-11-02 00:26:44','2012-11-02 00:26:44'),(57,'3 Store',7,NULL,'2012-11-02 00:26:44','2012-11-02 00:26:44'),(58,'Carphone',7,NULL,'2012-11-02 00:26:44','2012-11-02 00:26:44'),(59,'O2',7,NULL,'2012-11-02 00:26:44','2012-11-02 00:26:44'),(60,'Orange',7,NULL,'2012-11-02 00:26:44','2012-11-02 00:26:44'),(61,'Phones 4u',7,NULL,'2012-11-02 00:26:44','2012-11-02 00:26:44'),(62,'T Mobile',7,NULL,'2012-11-02 00:26:44','2012-11-02 00:26:44'),(63,'Virgin Mobile',7,NULL,'2012-11-02 00:26:44','2012-11-02 00:26:44'),(64,'Vodafone',7,NULL,'2012-11-02 00:26:44','2012-11-02 00:26:44'),(65,'Burger King',12,NULL,'2012-11-02 00:26:44','2012-11-02 00:26:44'),(66,'KFC',12,NULL,'2012-11-02 00:26:44','2012-11-02 00:26:44'),(67,'McDonalds',12,NULL,'2012-11-02 00:26:44','2012-11-02 00:26:44'),(68,'Pizza Hut',12,NULL,'2012-11-02 00:26:44','2012-11-02 00:26:44'),(69,'Westfield',15,NULL,'2012-11-02 00:26:44','2012-11-02 00:26:44'),(70,'Lakeside Thurrock',15,NULL,'2012-11-02 00:26:44','2012-11-02 00:26:44'),(71,'Bluewater',15,NULL,'2012-11-02 00:26:44','2012-11-02 00:26:44'),(72,'Amazon',2,'','2012-11-29 10:42:46','2012-11-29 10:42:46');
/*!40000 ALTER TABLE "retailers" ENABLE KEYS */;
UNLOCK TABLES;

--
-- Table structure for table "save_searches"
--

DROP TABLE IF EXISTS "save_searches";
/*!40101 SET @saved_cs_client     = @@character_set_client */;
/*!40101 SET character_set_client = utf8 */;
CREATE TABLE "save_searches" (
  "id" int(11) NOT NULL,
  "name" varchar(255) COLLATE utf8_unicode_ci DEFAULT NULL,
  "params" text COLLATE utf8_unicode_ci,
  "user_id" int(11) DEFAULT NULL,
  "created_at" datetime NOT NULL,
  "updated_at" datetime NOT NULL,
  PRIMARY KEY ("id"),
  KEY "index_save_searches_on_user_id" ("user_id")
);
/*!40101 SET character_set_client = @saved_cs_client */;

--
-- Dumping data for table "save_searches"
--

LOCK TABLES "save_searches" WRITE;
/*!40000 ALTER TABLE "save_searches" DISABLE KEYS */;
INSERT INTO "save_searches" VALUES (1,'test','utf8=%E2%9C%93&authenticity_token=ymws2xTnSsOmitEzc1QQ9OJmB6K0m0rlKPrZqtBaVoU%3D&search%5Bcountry_id%5D=1&search%5BfromDate%5D=&search%5BtoDate%5D=&search%5Blocation%5D=',2,'2012-11-21 14:36:40','2012-11-21 14:36:40');
/*!40000 ALTER TABLE "save_searches" ENABLE KEYS */;
UNLOCK TABLES;

--
-- Table structure for table "schema_migrations"
--

DROP TABLE IF EXISTS "schema_migrations";
/*!40101 SET @saved_cs_client     = @@character_set_client */;
/*!40101 SET character_set_client = utf8 */;
CREATE TABLE "schema_migrations" (
  "version" varchar(255) COLLATE utf8_unicode_ci NOT NULL,
  PRIMARY KEY ("version"),
  UNIQUE KEY "unique_schema_migrations" ("version")
);
/*!40101 SET character_set_client = @saved_cs_client */;

--
-- Dumping data for table "schema_migrations"
--

LOCK TABLES "schema_migrations" WRITE;
/*!40000 ALTER TABLE "schema_migrations" DISABLE KEYS */;
INSERT INTO "schema_migrations" VALUES ('20121014173948'),('20121014181614'),('20121015211731'),('20121016090141'),('20121016092923'),('20121016093540'),('20121016095147'),('20121016100351'),('20121016100411'),('20121016100504'),('20121016114322'),('20121016123742'),('20121016125243'),('20121016142231'),('20121016150721'),('20121017111041'),('20121019090453'),('20121019090549'),('20121022211513'),('20121024143402'),('20121029154506'),('20121030130235'),('20121030161930'),('20121031160334'),('20121031160810'),('20121119124455'),('20121119130710'),('20121120134329'),('20121122125538'),('20121122130529'),('20121129165106'),('20121129175325'),('20121129180948'),('20121129181143'),('20121129181833'),('20121129181954');
/*!40000 ALTER TABLE "schema_migrations" ENABLE KEYS */;
UNLOCK TABLES;

--
-- Table structure for table "sectors"
--

DROP TABLE IF EXISTS "sectors";
/*!40101 SET @saved_cs_client     = @@character_set_client */;
/*!40101 SET character_set_client = utf8 */;
CREATE TABLE "sectors" (
  "id" int(11) NOT NULL,
  "name" varchar(255) COLLATE utf8_unicode_ci DEFAULT NULL,
  "desc" text COLLATE utf8_unicode_ci,
  "created_at" datetime NOT NULL,
  "updated_at" datetime NOT NULL,
  PRIMARY KEY ("id")
);
/*!40101 SET character_set_client = @saved_cs_client */;

--
-- Dumping data for table "sectors"
--

LOCK TABLES "sectors" WRITE;
/*!40000 ALTER TABLE "sectors" DISABLE KEYS */;
INSERT INTO "sectors" VALUES (1,'Automotive','','2012-11-02 00:26:44','2012-11-02 00:26:44'),(2,'Books, Stationery, Gaming, Music, toys','','2012-11-02 00:26:44','2012-11-02 00:26:44'),(3,'Clothing, Footwear, jewellery','','2012-11-02 00:26:44','2012-11-02 00:26:44'),(4,'Convenience, CTN, Forecourt','','2012-11-02 00:26:44','2012-11-02 00:26:44'),(5,'Department and Multicagtegory','','2012-11-02 00:26:44','2012-11-02 00:26:44'),(6,'DIY, Furniture, Homeware','','2012-11-02 00:26:44','2012-11-02 00:26:44'),(7,'Electricals, Mobile Telecoms','','2012-11-02 00:26:44','2012-11-02 00:26:44'),(8,'Estate agents','','2012-11-02 00:26:44','2012-11-02 00:26:44'),(9,'Financial Services','','2012-11-02 00:26:44','2012-11-02 00:26:44'),(10,'Grocery','','2012-11-02 00:26:44','2012-11-02 00:26:44'),(11,'Health and Beauty','','2012-11-02 00:26:44','2012-11-02 00:26:44'),(12,'Hotel, Restaurant, Bar','','2012-11-02 00:26:44','2012-11-02 00:26:44'),(13,'Leisure, cinema, casino, betting shops, parks, culture','','2012-11-02 00:26:44','2012-11-02 00:26:44'),(14,'Luxury','','2012-11-02 00:26:44','2012-11-02 00:26:44'),(15,'Malls and markets','','2012-11-02 00:26:44','2012-11-02 00:26:44'),(16,'Travel, duty free, airport retail','','2012-11-02 00:26:44','2012-11-02 00:26:44'),(17,'Other (new)','','2012-11-02 00:26:44','2012-11-02 00:26:44');
/*!40000 ALTER TABLE "sectors" ENABLE KEYS */;
UNLOCK TABLES;

--
-- Table structure for table "store_formats"
--

DROP TABLE IF EXISTS "store_formats";
/*!40101 SET @saved_cs_client     = @@character_set_client */;
/*!40101 SET character_set_client = utf8 */;
CREATE TABLE "store_formats" (
  "id" int(11) NOT NULL,
  "name" varchar(255) COLLATE utf8_unicode_ci DEFAULT NULL,
  "description" text COLLATE utf8_unicode_ci,
  "created_at" datetime NOT NULL,
  "updated_at" datetime NOT NULL,
  PRIMARY KEY ("id")
);
/*!40101 SET character_set_client = @saved_cs_client */;

--
-- Dumping data for table "store_formats"
--

LOCK TABLES "store_formats" WRITE;
/*!40000 ALTER TABLE "store_formats" DISABLE KEYS */;
INSERT INTO "store_formats" VALUES (1,'Extra large (hypermarket)',NULL,'2012-11-02 00:26:45','2012-11-02 00:26:45'),(2,'Large (large supermarket)',NULL,'2012-11-02 00:26:45','2012-11-02 00:26:45'),(3,'Medium (High St shop)',NULL,'2012-11-02 00:26:45','2012-11-02 00:26:45'),(4,'Small (Corner shop, kiosk)',NULL,'2012-11-02 00:26:45','2012-11-02 00:26:45'),(5,'Online',NULL,'2012-11-02 00:26:45','2012-11-02 00:26:45');
/*!40000 ALTER TABLE "store_formats" ENABLE KEYS */;
UNLOCK TABLES;

--
-- Table structure for table "stores"
--

DROP TABLE IF EXISTS "stores";
/*!40101 SET @saved_cs_client     = @@character_set_client */;
/*!40101 SET character_set_client = utf8 */;
CREATE TABLE "stores" (
  "id" int(11) NOT NULL,
  "name" varchar(255) COLLATE utf8_unicode_ci DEFAULT NULL,
  "address" varchar(255) COLLATE utf8_unicode_ci DEFAULT NULL,
  "address2" varchar(255) COLLATE utf8_unicode_ci DEFAULT NULL,
  "postcode" varchar(255) COLLATE utf8_unicode_ci DEFAULT NULL,
  "store_format_id" int(11) DEFAULT NULL,
  "retailer_id" int(11) DEFAULT NULL,
  "country_id" int(11) DEFAULT NULL,
  "longitude" decimal(15,10) DEFAULT NULL,
  "latitude" decimal(15,10) DEFAULT NULL,
  "description" text COLLATE utf8_unicode_ci,
  "created_at" datetime NOT NULL,
  "updated_at" datetime NOT NULL,
  "location_id" int(11) DEFAULT NULL,
  PRIMARY KEY ("id")
);
/*!40101 SET character_set_client = @saved_cs_client */;

--
-- Dumping data for table "stores"
--

LOCK TABLES "stores" WRITE;
/*!40000 ALTER TABLE "stores" DISABLE KEYS */;
INSERT INTO "stores" VALUES (6,'Aldi Ayelsbury','143 Cambridge Close','Aylesbury','HP20 1DF',2,43,1,-0.8077956000,51.8197610000,'','2012-11-22 12:33:40','2012-11-22 12:33:40',1),(7,'Asda Battersea Clapham','204 Lavender Hill','Battersea','SW11 1JG',1,44,1,-0.1649623000,51.4653710000,'','2012-11-22 17:34:41','2012-11-22 17:34:41',1),(8,'Budgens Southfields','5 Replingham Road, Southfields','London','SW18 5LT',4,9,1,-0.2058516000,51.4448803000,'','2012-11-22 17:46:08','2012-11-22 17:47:25',1),(9,'Debenhams Edinburgh','109 Princes Street','Edinburgh','EH2 3AA',3,19,6,-3.2010497000,55.9516830000,'','2012-11-23 00:23:24','2012-11-23 00:44:56',1),(10,'Amazon','','','',5,72,1,NULL,NULL,'','2012-11-29 10:44:09','2012-11-29 10:44:09',NULL);
/*!40000 ALTER TABLE "stores" ENABLE KEYS */;
UNLOCK TABLES;

--
-- Table structure for table "subscriptions"
--

DROP TABLE IF EXISTS "subscriptions";
/*!40101 SET @saved_cs_client     = @@character_set_client */;
/*!40101 SET character_set_client = utf8 */;
CREATE TABLE "subscriptions" (
  "id" int(11) NOT NULL,
  "sub_cats" varchar(255) COLLATE utf8_unicode_ci DEFAULT NULL,
  "sub_country" varchar(255) COLLATE utf8_unicode_ci DEFAULT NULL,
  "user_id" int(11) DEFAULT NULL,
  "created_at" datetime NOT NULL,
  "updated_at" datetime NOT NULL,
  PRIMARY KEY ("id"),
  KEY "index_subscriptions_on_user_id" ("user_id")
);
/*!40101 SET character_set_client = @saved_cs_client */;

--
-- Dumping data for table "subscriptions"
--

LOCK TABLES "subscriptions" WRITE;
/*!40000 ALTER TABLE "subscriptions" DISABLE KEYS */;
INSERT INTO "subscriptions" VALUES (1,'1,2,3,4,5,6,7,8,9,10,11,12,13,14,15,16,17,18,19,20','1,2,6',1,'2012-11-02 00:26:52','2012-11-02 00:26:52'),(2,'1,2,3,4,5,6,7,8,9,10,11,12,13,14,15,16,17,18,19,20,21,22,23,24,25,26,27,28,29,30,31,32,33,34,35,36,37,38,39,40','1,2,6',2,'2012-11-02 00:26:52','2012-11-26 16:31:52');
/*!40000 ALTER TABLE "subscriptions" ENABLE KEYS */;
UNLOCK TABLES;

--
-- Table structure for table "themes"
--

DROP TABLE IF EXISTS "themes";
/*!40101 SET @saved_cs_client     = @@character_set_client */;
/*!40101 SET character_set_client = utf8 */;
CREATE TABLE "themes" (
  "id" int(11) NOT NULL,
  "name" varchar(255) COLLATE utf8_unicode_ci DEFAULT NULL,
  "description" text COLLATE utf8_unicode_ci,
  "created_at" datetime NOT NULL,
  "updated_at" datetime NOT NULL,
  PRIMARY KEY ("id")
);
/*!40101 SET character_set_client = @saved_cs_client */;

--
-- Dumping data for table "themes"
--

LOCK TABLES "themes" WRITE;
/*!40000 ALTER TABLE "themes" DISABLE KEYS */;
INSERT INTO "themes" VALUES (1,'Occasional activity',NULL,'2012-11-02 00:26:51','2012-11-02 00:26:51'),(2,'Best practice',NULL,'2012-11-02 00:26:51','2012-11-02 00:26:51'),(3,'Benefit driven',NULL,'2012-11-02 00:26:51','2012-11-02 00:26:51'),(4,'Feature driven',NULL,'2012-11-02 00:26:51','2012-11-02 00:26:51'),(5,'Product launch',NULL,'2012-11-02 00:26:51','2012-11-02 00:26:51'),(6,'Innovation',NULL,'2012-11-02 00:26:51','2012-11-02 00:26:51'),(7,'Luxury',NULL,'2012-11-02 00:26:51','2012-11-02 00:26:51'),(8,'Value',NULL,'2012-11-02 00:26:51','2012-11-02 00:26:51'),(9,'Quality',NULL,'2012-11-02 00:26:51','2012-11-02 00:26:51');
/*!40000 ALTER TABLE "themes" ENABLE KEYS */;
UNLOCK TABLES;

--
-- Table structure for table "user_types"
--

DROP TABLE IF EXISTS "user_types";
/*!40101 SET @saved_cs_client     = @@character_set_client */;
/*!40101 SET character_set_client = utf8 */;
CREATE TABLE "user_types" (
  "id" int(11) NOT NULL,
  "name" varchar(255) COLLATE utf8_unicode_ci DEFAULT NULL,
  "description" text COLLATE utf8_unicode_ci,
  "created_at" datetime NOT NULL,
  "updated_at" datetime NOT NULL,
  PRIMARY KEY ("id")
);
/*!40101 SET character_set_client = @saved_cs_client */;

--
-- Dumping data for table "user_types"
--

LOCK TABLES "user_types" WRITE;
/*!40000 ALTER TABLE "user_types" DISABLE KEYS */;
INSERT INTO "user_types" VALUES (1,'Admin',NULL,'2012-11-02 00:26:53','2012-11-02 00:26:53'),(2,'Subscriber',NULL,'2012-11-02 00:26:53','2012-11-02 00:26:53'),(3,'Uploader',NULL,'2012-11-02 00:26:53','2012-11-02 00:26:53');
/*!40000 ALTER TABLE "user_types" ENABLE KEYS */;
UNLOCK TABLES;

--
-- Table structure for table "users"
--

DROP TABLE IF EXISTS "users";
/*!40101 SET @saved_cs_client     = @@character_set_client */;
/*!40101 SET character_set_client = utf8 */;
CREATE TABLE "users" (
  "id" int(11) NOT NULL,
  "email" varchar(255) COLLATE utf8_unicode_ci NOT NULL,
  "encrypted_password" varchar(255) COLLATE utf8_unicode_ci NOT NULL,
  "reset_password_token" varchar(255) COLLATE utf8_unicode_ci DEFAULT NULL,
  "reset_password_sent_at" datetime DEFAULT NULL,
  "remember_created_at" datetime DEFAULT NULL,
  "sign_in_count" int(11) DEFAULT '0',
  "current_sign_in_at" datetime DEFAULT NULL,
  "last_sign_in_at" datetime DEFAULT NULL,
  "current_sign_in_ip" varchar(255) COLLATE utf8_unicode_ci DEFAULT NULL,
  "last_sign_in_ip" varchar(255) COLLATE utf8_unicode_ci DEFAULT NULL,
  "sub_cats" varchar(255) COLLATE utf8_unicode_ci DEFAULT '1,2,3,9,10',
  "sub_country" varchar(255) COLLATE utf8_unicode_ci DEFAULT '1,3',
  "created_at" datetime NOT NULL,
  "updated_at" datetime NOT NULL,
  "user_type_id" int(11) DEFAULT '1',
  PRIMARY KEY ("id"),
  UNIQUE KEY "index_users_on_email" ("email"),
  UNIQUE KEY "index_users_on_reset_password_token" ("reset_password_token")
);
/*!40101 SET character_set_client = @saved_cs_client */;

--
-- Dumping data for table "users"
--

LOCK TABLES "users" WRITE;
/*!40000 ALTER TABLE "users" DISABLE KEYS */;
INSERT INTO "users" VALUES (1,'myowin76@gmail.com','$2a$10$ZWVUyfcNZzp00uuJOg6G8umHWkObdzc7gsdYh00LprbdnPzZmUMp2','pFiYbsJwSuG6ppEa7Cwv','2012-11-21 13:27:12',NULL,5,'2012-11-26 10:16:41','2012-11-24 11:00:44','46.65.206.179','86.2.185.163','1,2,3,4,5,6,7,8,9,10,11,12,13,14,15,16,17,18,19,20,21,22,23,24,25,26,27,28,29,30,31,32,33,34,35,36,37,38,39,40','1,3,6','2012-11-02 00:44:21','2012-11-26 10:16:41',1),(2,'aung.win@skyron.co.uk','$2a$10$GZjq8/zjUzPbowfZsYg.tOA7nE2IQ736RBzaQADKWBsOZ2jyg9i.y','8nd3YDTEsxukqqmdQJJB','2012-11-21 13:28:52',NULL,9,'2012-11-28 18:12:53','2012-11-28 10:05:19','127.0.0.1','46.65.206.179','1,2,3,4,5,6,7,8,9,10,11,12,13,14,15,16,17,18,19,20,21,22,23,24,25,26,27,28,29,30,31,32,33,34,35,36,37,38,39,40','1,3,6','2012-11-02 11:11:30','2012-11-28 18:12:53',1);
/*!40000 ALTER TABLE "users" ENABLE KEYS */;
UNLOCK TABLES;
/*!40103 SET TIME_ZONE=@OLD_TIME_ZONE */;

/*!40101 SET SQL_MODE=@OLD_SQL_MODE */;
/*!40014 SET FOREIGN_KEY_CHECKS=@OLD_FOREIGN_KEY_CHECKS */;
/*!40014 SET UNIQUE_CHECKS=@OLD_UNIQUE_CHECKS */;
/*!40111 SET SQL_NOTES=@OLD_SQL_NOTES */;

-- Dump completed on 2012-11-30 10:45:00
